scope,liga,family,period,direction,n,mean_pred,base_rate,brier_raw,breakpoints,status
global,*,1x2,FT,away,9508,0.213220,0.297329,0.199388,33,fit
global,*,1x2,FT,draw,9508,0.230923,0.257573,0.191778,28,fit
global,*,1x2,FT,home,9508,0.555857,0.445099,0.240693,51,fit
global,*,1x2,HT,away,9508,0.174155,0.245898,0.182973,30,fit
global,*,1x2,HT,draw,9508,0.437130,0.414809,0.243649,36,fit
global,*,1x2,HT,home,9508,0.388715,0.339293,0.219191,32,fit
global,*,btts,FT,nao,9508,0.539595,0.474337,0.259219,22,fit
global,*,btts,FT,sim,9508,0.460405,0.525663,0.259219,22,fit
global,*,btts,HT,nao,9508,0.849557,0.801430,0.161689,25,fit
global,*,btts,HT,sim,9508,0.150443,0.198570,0.161689,20,fit
global,*,cartoes_1x2,FT,away,9508,0.446624,0.449095,0.249264,20,fit
global,*,cartoes_1x2,FT,draw,9508,0.196360,0.215503,0.169021,16,fit
global,*,cartoes_1x2,FT,home,9508,0.357016,0.335402,0.223756,28,fit
global,*,cartoes,FT,over,142620,0.483450,0.531244,0.174840,196,fit
global,*,cartoes,FT,under,142620,0.516550,0.468756,0.174840,196,fit
global,*,cartoes,HT,over,76064,0.309393,0.388594,0.194130,141,fit
global,*,cartoes,HT,under,76064,0.690607,0.611406,0.194130,132,fit
global,*,chutes_1x2,FT,away,9508,0.296341,0.344447,0.204649,74,fit
global,*,chutes_1x2,FT,draw,9508,0.064572,0.044804,0.043151,28,fit
global,*,chutes_1x2,FT,home,9508,0.638342,0.610749,0.213039,63,fit
global,*,chutes_1x2,HT,away,9508,0.321100,0.341817,0.205940,79,fit
global,*,chutes_1x2,HT,draw,9508,0.103945,0.081615,0.075374,35,fit
global,*,chutes_1x2,HT,home,9508,0.574955,0.576567,0.222035,78,fit
global,*,chutes_alvo_1x2,FT,away,9508,0.430938,0.339293,0.232539,10,fit
global,*,chutes_alvo_1x2,FT,draw,9508,0.138124,0.114430,0.101825,20,fit
global,*,chutes_alvo_1x2,FT,home,9508,0.430938,0.546277,0.261159,14,fit
global,*,chutes_alvo_1x2,HT,away,9508,0.387542,0.331721,0.224722,17,fit
global,*,chutes_alvo_1x2,HT,draw,9508,0.224916,0.186475,0.153087,22,fit
global,*,chutes_alvo_1x2,HT,home,9508,0.387542,0.481805,0.258584,13,fit
global,*,chutes_alvo,FT,over,161636,0.429238,0.431432,0.198380,103,fit
global,*,chutes_alvo,FT,under,161636,0.570762,0.568568,0.198380,102,fit
global,*,chutes_alvo,HT,over,114096,0.407196,0.466607,0.193723,95,fit
global,*,chutes_alvo,HT,under,114096,0.592804,0.533393,0.193723,89,fit
global,*,chutes,FT,over,218684,0.502682,0.497380,0.203344,150,fit
global,*,chutes,FT,under,218684,0.497318,0.502620,0.203344,146,fit
global,*,chutes,HT,over,123604,0.635650,0.583727,0.216042,150,fit
global,*,chutes,HT,under,123604,0.364350,0.416273,0.216042,142,fit
global,*,dupla,FT,12,9508,0.769077,0.742427,0.191778,28,fit
global,*,dupla,FT,1x,9508,0.786780,0.702671,0.199388,31,fit
global,*,dupla,FT,x2,9508,0.444143,0.554901,0.240693,51,fit
global,*,dupla,HT,12,9508,0.562870,0.585191,0.243649,36,fit
global,*,dupla,HT,1x,9508,0.825845,0.754102,0.182973,28,fit
global,*,dupla,HT,x2,9508,0.611285,0.660707,0.219191,33,fit
global,*,escanteios_1x2,FT,away,9508,0.329240,0.356332,0.219788,57,fit
global,*,escanteios_1x2,FT,draw,9508,0.117285,0.091607,0.083723,84,fit
global,*,escanteios_1x2,FT,home,9508,0.553476,0.552061,0.235542,55,fit
global,*,escanteios_1x2,HT,away,9508,0.327423,0.345393,0.218063,54,fit
global,*,escanteios_1x2,HT,draw,9508,0.196467,0.146719,0.127604,24,fit
global,*,escanteios_1x2,HT,home,9508,0.476109,0.507888,0.241453,43,fit
global,*,escanteios,FT,over,190160,0.435846,0.423322,0.196683,147,fit
global,*,escanteios,FT,under,190160,0.564154,0.576678,0.196683,134,fit
global,*,escanteios,HT,over,142620,0.413851,0.462158,0.184177,145,fit
global,*,escanteios,HT,under,142620,0.586149,0.537842,0.184177,138,fit
global,*,escanteios_handicap,FT,away_minus_1_5,9508,0.568256,0.274401,0.279245,52,fit
global,*,escanteios_handicap,FT,away_minus_2_5,9508,0.682843,0.203197,0.388850,56,fit
global,*,escanteios_handicap,FT,away_minus_3_5,9508,0.780975,0.141881,0.529670,70,fit
global,*,escanteios_handicap,FT,away_minus_4_5,9508,0.857795,0.097181,0.666695,220,fit
global,*,escanteios_handicap,FT,away_plus_1_5,9508,0.226879,0.546172,0.337669,34,fit
global,*,escanteios_handicap,FT,away_plus_2_5,9508,0.145866,0.632310,0.459352,39,fit
global,*,escanteios_handicap,FT,away_plus_3_5,9508,0.087532,0.712873,0.589192,36,fit
global,*,escanteios_handicap,FT,away_plus_4_5,9508,0.049131,0.786390,0.707849,57,fit
global,*,escanteios_handicap,FT,home_minus_1_5,9508,0.431744,0.453828,0.235813,48,fit
global,*,escanteios_handicap,FT,home_minus_2_5,9508,0.317157,0.367690,0.223766,60,fit
global,*,escanteios_handicap,FT,home_minus_3_5,9508,0.219025,0.287127,0.200033,54,fit
global,*,escanteios_handicap,FT,home_minus_4_5,9508,0.142205,0.213610,0.165961,53,fit
global,*,escanteios_handicap,FT,home_plus_1_5,9508,0.773121,0.725599,0.192606,60,fit
global,*,escanteios_handicap,FT,home_plus_2_5,9508,0.854134,0.796803,0.158473,48,fit
global,*,escanteios_handicap,FT,home_plus_3_5,9508,0.912468,0.858119,0.120638,66,fit
global,*,escanteios_handicap,FT,home_plus_4_5,9508,0.950869,0.902819,0.087567,52,fit
global,*,escanteios_handicap,HT,away_minus_1_5,9508,0.711149,0.214556,0.410449,68,fit
global,*,escanteios_handicap,HT,away_minus_2_5,9508,0.849441,0.116849,0.638481,68,fit
global,*,escanteios_handicap,HT,away_plus_1_5,9508,0.171849,0.645141,0.446035,36,fit
global,*,escanteios_handicap,HT,away_plus_2_5,9508,0.076466,0.774295,0.658489,42,fit
global,*,escanteios_handicap,HT,home_minus_1_5,9508,0.288851,0.354859,0.224493,43,fit
global,*,escanteios_handicap,HT,home_minus_2_5,9508,0.150559,0.225705,0.175193,46,fit
global,*,escanteios_handicap,HT,home_plus_1_5,9508,0.828151,0.785444,0.165351,43,fit
global,*,escanteios_handicap,HT,home_plus_2_5,9508,0.923534,0.883151,0.102481,38,fit
global,*,escanteios_oddeven,FT,impar,9508,0.500000,0.508729,0.250000,13,fit
global,*,escanteios_oddeven,FT,par,9508,0.500000,0.491271,0.250000,13,fit
global,*,escanteios_oddeven,HT,impar,9508,0.499791,0.499053,0.250002,8,fit
global,*,escanteios_oddeven,HT,par,9508,0.500209,0.500947,0.250002,8,fit
global,*,faltas,FT,over,133112,0.599758,0.584252,0.188290,243,fit
global,*,faltas,FT,under,133112,0.400242,0.415748,0.188290,244,fit
global,*,gols,FT,over,152128,0.338270,0.333081,0.134765,189,fit
global,*,gols,FT,under,152128,0.661730,0.666919,0.134765,188,fit
global,*,gols,HT,over,76064,0.266291,0.293766,0.160281,94,fit
global,*,gols,HT,under,76064,0.733709,0.706234,0.160281,94,fit
global,*,gols_oddeven,FT,impar,9508,0.485327,0.496424,0.250225,18,fit
global,*,gols_oddeven,FT,par,9508,0.514673,0.503576,0.250225,18,fit
global,*,gols_oddeven,HT,impar,9508,0.428122,0.459297,0.249787,19,fit
global,*,gols_oddeven,HT,par,9508,0.571878,0.540703,0.249787,19,fit
global,*,gols,2T,over,38032,0.402333,0.365350,0.158794,189,fit
global,*,gols,2T,under,38032,0.597667,0.634650,0.158794,189,fit
global,*,impedimentos,FT,over,95080,0.470049,0.449127,0.207141,91,fit
global,*,impedimentos,FT,under,95080,0.529951,0.550873,0.207141,94,fit
liga,premier-league,1x2,FT,away,1478,,,,,skip_min
liga,premier-league,1x2,FT,draw,1478,,,,,skip_min
liga,premier-league,1x2,FT,home,1478,,,,,skip_min
liga,premier-league,1x2,HT,away,1478,,,,,skip_min
liga,premier-league,1x2,HT,draw,1478,,,,,skip_min
liga,premier-league,1x2,HT,home,1478,,,,,skip_min
liga,premier-league,btts,FT,nao,1478,,,,,skip_min
liga,premier-league,btts,FT,sim,1478,,,,,skip_min
liga,premier-league,btts,HT,nao,1478,,,,,skip_min
liga,premier-league,btts,HT,sim,1478,,,,,skip_min
liga,premier-league,cartoes_1x2,FT,away,1478,,,,,skip_min
liga,premier-league,cartoes_1x2,FT,draw,1478,,,,,skip_min
liga,premier-league,cartoes_1x2,FT,home,1478,,,,,skip_min
liga,premier-league,cartoes,FT,over,22170,0.420902,0.465313,0.173685,79,fit
liga,premier-league,cartoes,FT,under,22170,0.579098,0.534687,0.173685,76,fit
liga,premier-league,cartoes,HT,over,11824,0.272453,0.333897,0.183827,59,fit
liga,premier-league,cartoes,HT,under,11824,0.727547,0.666103,0.183827,62,fit
liga,premier-league,chutes_1x2,FT,away,1478,,,,,skip_min
liga,premier-league,chutes_1x2,FT,draw,1478,,,,,skip_min
liga,premier-league,chutes_1x2,FT,home,1478,,,,,skip_min
liga,premier-league,chutes_1x2,HT,away,1478,,,,,skip_min
liga,premier-league,chutes_1x2,HT,draw,1478,,,,,skip_min
liga,premier-league,chutes_1x2,HT,home,1478,,,,,skip_min
liga,premier-league,chutes_alvo_1x2,FT,away,1478,,,,,skip_min
liga,premier-league,chutes_alvo_1x2,FT,draw,1478,,,,,skip_min
liga,premier-league,chutes_alvo_1x2,FT,home,1478,,,,,skip_min
liga,premier-league,chutes_alvo_1x2,HT,away,1478,,,,,skip_min
liga,premier-league,chutes_alvo_1x2,HT,draw,1478,,,,,skip_min
liga,premier-league,chutes_alvo_1x2,HT,home,1478,,,,,skip_min
liga,premier-league,chutes_alvo,FT,over,25126,0.460353,0.465096,0.201603,46,fit
liga,premier-league,chutes_alvo,FT,under,25126,0.539647,0.534904,0.201603,49,fit
liga,premier-league,chutes_alvo,HT,over,17736,0.425809,0.493911,0.199618,43,fit
liga,premier-league,chutes_alvo,HT,under,17736,0.574191,0.506089,0.199618,46,fit
liga,premier-league,chutes,FT,over,33994,0.519534,0.513473,0.217018,80,fit
liga,premier-league,chutes,FT,under,33994,0.480466,0.486527,0.217018,82,fit
liga,premier-league,chutes,HT,over,19214,0.646591,0.603883,0.219235,80,fit
liga,premier-league,chutes,HT,under,19214,0.353409,0.396117,0.219235,79,fit
liga,premier-league,dupla,FT,12,1478,,,,,skip_min
liga,premier-league,dupla,FT,1x,1478,,,,,skip_min
liga,premier-league,dupla,FT,x2,1478,,,,,skip_min
liga,premier-league,dupla,HT,12,1478,,,,,skip_min
liga,premier-league,dupla,HT,1x,1478,,,,,skip_min
liga,premier-league,dupla,HT,x2,1478,,,,,skip_min
liga,premier-league,escanteios_1x2,FT,away,1478,,,,,skip_min
liga,premier-league,escanteios_1x2,FT,draw,1478,,,,,skip_min
liga,premier-league,escanteios_1x2,FT,home,1478,,,,,skip_min
liga,premier-league,escanteios_1x2,HT,away,1478,,,,,skip_min
liga,premier-league,escanteios_1x2,HT,draw,1478,,,,,skip_min
liga,premier-league,escanteios_1x2,HT,home,1478,,,,,skip_min
liga,premier-league,escanteios,FT,over,29560,0.475000,0.462212,0.207768,84,fit
liga,premier-league,escanteios,FT,under,29560,0.525000,0.537788,0.207768,82,fit
liga,premier-league,escanteios,HT,over,22170,0.438412,0.484168,0.188006,105,fit
liga,premier-league,escanteios,HT,under,22170,0.561588,0.515832,0.188006,108,fit
liga,premier-league,escanteios_handicap,FT,away_minus_1_5,1478,,,,,skip_min
liga,premier-league,escanteios_handicap,FT,away_minus_2_5,1478,,,,,skip_min
liga,premier-league,escanteios_handicap,FT,away_minus_3_5,1478,,,,,skip_min
liga,premier-league,escanteios_handicap,FT,away_minus_4_5,1478,,,,,skip_min
liga,premier-league,escanteios_handicap,FT,away_plus_1_5,1478,,,,,skip_min
liga,premier-league,escanteios_handicap,FT,away_plus_2_5,1478,,,,,skip_min
liga,premier-league,escanteios_handicap,FT,away_plus_3_5,1478,,,,,skip_min
liga,premier-league,escanteios_handicap,FT,away_plus_4_5,1478,,,,,skip_min
liga,premier-league,escanteios_handicap,FT,home_minus_1_5,1478,,,,,skip_min
liga,premier-league,escanteios_handicap,FT,home_minus_2_5,1478,,,,,skip_min
liga,premier-league,escanteios_handicap,FT,home_minus_3_5,1478,,,,,skip_min
liga,premier-league,escanteios_handicap,FT,home_minus_4_5,1478,,,,,skip_min
liga,premier-league,escanteios_handicap,FT,home_plus_1_5,1478,,,,,skip_min
liga,premier-league,escanteios_handicap,FT,home_plus_2_5,1478,,,,,skip_min
liga,premier-league,escanteios_handicap,FT,home_plus_3_5,1478,,,,,skip_min
liga,premier-league,escanteios_handicap,FT,home_plus_4_5,1478,,,,,skip_min
liga,premier-league,escanteios_handicap,HT,away_minus_1_5,1478,,,,,skip_min
liga,premier-league,escanteios_handicap,HT,away_minus_2_5,1478,,,,,skip_min
liga,premier-league,escanteios_handicap,HT,away_plus_1_5,1478,,,,,skip_min
liga,premier-league,escanteios_handicap,HT,away_plus_2_5,1478,,,,,skip_min
liga,premier-league,escanteios_handicap,HT,home_minus_1_5,1478,,,,,skip_min
liga,premier-league,escanteios_handicap,HT,home_minus_2_5,1478,,,,,skip_min
liga,premier-league,escanteios_handicap,HT,home_plus_1_5,1478,,,,,skip_min
liga,premier-league,escanteios_handicap,HT,home_plus_2_5,1478,,,,,skip_min
liga,premier-league,escanteios_oddeven,FT,impar,1478,,,,,skip_min
liga,premier-league,escanteios_oddeven,FT,par,1478,,,,,skip_min
liga,premier-league,escanteios_oddeven,HT,impar,1478,,,,,skip_min
liga,premier-league,escanteios_oddeven,HT,par,1478,,,,,skip_min
liga,premier-league,faltas,FT,over,20692,0.394348,0.431471,0.193392,123,fit
liga,premier-league,faltas,FT,under,20692,0.605652,0.568529,0.193392,120,fit
liga,premier-league,gols,FT,over,23648,0.362610,0.366923,0.140967,188,fit
liga,premier-league,gols,FT,under,23648,0.637390,0.633077,0.140967,190,fit
liga,premier-league,gols,HT,over,11824,0.285380,0.322226,0.167481,86,fit
liga,premier-league,gols,HT,under,11824,0.714620,0.677774,0.167481,86,fit
liga,premier-league,gols_oddeven,FT,impar,1478,,,,,skip_min
liga,premier-league,gols_oddeven,FT,par,1478,,,,,skip_min
liga,premier-league,gols_oddeven,HT,impar,1478,,,,,skip_min
liga,premier-league,gols_oddeven,HT,par,1478,,,,,skip_min
liga,premier-league,gols,2T,over,5912,0.431278,0.404263,0.162519,48,fit
liga,premier-league,gols,2T,under,5912,0.568722,0.595737,0.162519,48,fit
liga,premier-league,impedimentos,FT,over,14780,0.461533,0.453112,0.206434,50,fit
liga,premier-league,impedimentos,FT,under,14780,0.538467,0.546888,0.206434,51,fit
liga,ligue-1,1x2,FT,away,1336,,,,,skip_min
liga,ligue-1,1x2,FT,draw,1336,,,,,skip_min
liga,ligue-1,1x2,FT,home,1336,,,,,skip_min
liga,ligue-1,1x2,HT,away,1336,,,,,skip_min
liga,ligue-1,1x2,HT,draw,1336,,,,,skip_min
liga,ligue-1,1x2,HT,home,1336,,,,,skip_min
liga,ligue-1,btts,FT,nao,1336,,,,,skip_min
liga,ligue-1,btts,FT,sim,1336,,,,,skip_min
liga,ligue-1,btts,HT,nao,1336,,,,,skip_min
liga,ligue-1,btts,HT,sim,1336,,,,,skip_min
liga,ligue-1,cartoes_1x2,FT,away,1336,,,,,skip_min
liga,ligue-1,cartoes_1x2,FT,draw,1336,,,,,skip_min
liga,ligue-1,cartoes_1x2,FT,home,1336,,,,,skip_min
liga,ligue-1,cartoes,FT,over,20040,0.404895,0.469760,0.172450,81,fit
liga,ligue-1,cartoes,FT,under,20040,0.595105,0.530240,0.172450,79,fit
liga,ligue-1,cartoes,HT,over,10688,0.263079,0.362275,0.193793,69,fit
liga,ligue-1,cartoes,HT,under,10688,0.736921,0.637725,0.193793,65,fit
liga,ligue-1,chutes_1x2,FT,away,1336,,,,,skip_min
liga,ligue-1,chutes_1x2,FT,draw,1336,,,,,skip_min
liga,ligue-1,chutes_1x2,FT,home,1336,,,,,skip_min
liga,ligue-1,chutes_1x2,HT,away,1336,,,,,skip_min
liga,ligue-1,chutes_1x2,HT,draw,1336,,,,,skip_min
liga,ligue-1,chutes_1x2,HT,home,1336,,,,,skip_min
liga,ligue-1,chutes_alvo_1x2,FT,away,1336,,,,,skip_min
liga,ligue-1,chutes_alvo_1x2,FT,draw,1336,,,,,skip_min
liga,ligue-1,chutes_alvo_1x2,FT,home,1336,,,,,skip_min
liga,ligue-1,chutes_alvo_1x2,HT,away,1336,,,,,skip_min
liga,ligue-1,chutes_alvo_1x2,HT,draw,1336,,,,,skip_min
liga,ligue-1,chutes_alvo_1x2,HT,home,1336,,,,,skip_min
liga,ligue-1,chutes_alvo,FT,over,22712,0.436352,0.453373,0.203894,49,fit
liga,ligue-1,chutes_alvo,FT,under,22712,0.563648,0.546627,0.203894,54,fit
liga,ligue-1,chutes_alvo,HT,over,16032,0.411488,0.482348,0.196449,45,fit
liga,ligue-1,chutes_alvo,HT,under,16032,0.588512,0.517652,0.196449,44,fit
liga,ligue-1,chutes,FT,over,30728,0.457447,0.470385,0.201113,78,fit
liga,ligue-1,chutes,FT,under,30728,0.542553,0.529615,0.201113,79,fit
liga,ligue-1,chutes,HT,over,17368,0.604582,0.565408,0.220063,54,fit
liga,ligue-1,chutes,HT,under,17368,0.395418,0.434592,0.220063,53,fit
liga,ligue-1,dupla,FT,12,1336,,,,,skip_min
liga,ligue-1,dupla,FT,1x,1336,,,,,skip_min
liga,ligue-1,dupla,FT,x2,1336,,,,,skip_min
liga,ligue-1,dupla,HT,12,1336,,,,,skip_min
liga,ligue-1,dupla,HT,1x,1336,,,,,skip_min
liga,ligue-1,dupla,HT,x2,1336,,,,,skip_min
liga,ligue-1,escanteios_1x2,FT,away,1336,,,,,skip_min
liga,ligue-1,escanteios_1x2,FT,draw,1336,,,,,skip_min
liga,ligue-1,escanteios_1x2,FT,home,1336,,,,,skip_min
liga,ligue-1,escanteios_1x2,HT,away,1336,,,,,skip_min
liga,ligue-1,escanteios_1x2,HT,draw,1336,,,,,skip_min
liga,ligue-1,escanteios_1x2,HT,home,1336,,,,,skip_min
liga,ligue-1,escanteios,FT,over,26720,0.420722,0.396332,0.189601,85,fit
liga,ligue-1,escanteios,FT,under,26720,0.579278,0.603668,0.189601,95,fit
liga,ligue-1,escanteios,HT,over,20040,0.404420,0.455090,0.184012,59,fit
liga,ligue-1,escanteios,HT,under,20040,0.595580,0.544910,0.184012,59,fit
liga,ligue-1,escanteios_handicap,FT,away_minus_1_5,1336,,,,,skip_min
liga,ligue-1,escanteios_handicap,FT,away_minus_2_5,1336,,,,,skip_min
liga,ligue-1,escanteios_handicap,FT,away_minus_3_5,1336,,,,,skip_min
liga,ligue-1,escanteios_handicap,FT,away_minus_4_5,1336,,,,,skip_min
liga,ligue-1,escanteios_handicap,FT,away_plus_1_5,1336,,,,,skip_min
liga,ligue-1,escanteios_handicap,FT,away_plus_2_5,1336,,,,,skip_min
liga,ligue-1,escanteios_handicap,FT,away_plus_3_5,1336,,,,,skip_min
liga,ligue-1,escanteios_handicap,FT,away_plus_4_5,1336,,,,,skip_min
liga,ligue-1,escanteios_handicap,FT,home_minus_1_5,1336,,,,,skip_min
liga,ligue-1,escanteios_handicap,FT,home_minus_2_5,1336,,,,,skip_min
liga,ligue-1,escanteios_handicap,FT,home_minus_3_5,1336,,,,,skip_min
liga,ligue-1,escanteios_handicap,FT,home_minus_4_5,1336,,,,,skip_min
liga,ligue-1,escanteios_handicap,FT,home_plus_1_5,1336,,,,,skip_min
liga,ligue-1,escanteios_handicap,FT,home_plus_2_5,1336,,,,,skip_min
liga,ligue-1,escanteios_handicap,FT,home_plus_3_5,1336,,,,,skip_min
liga,ligue-1,escanteios_handicap,FT,home_plus_4_5,1336,,,,,skip_min
liga,ligue-1,escanteios_handicap,HT,away_minus_1_5,1336,,,,,skip_min
liga,ligue-1,escanteios_handicap,HT,away_minus_2_5,1336,,,,,skip_min
liga,ligue-1,escanteios_handicap,HT,away_plus_1_5,1336,,,,,skip_min
liga,ligue-1,escanteios_handicap,HT,away_plus_2_5,1336,,,,,skip_min
liga,ligue-1,escanteios_handicap,HT,home_minus_1_5,1336,,,,,skip_min
liga,ligue-1,escanteios_handicap,HT,home_minus_2_5,1336,,,,,skip_min
liga,ligue-1,escanteios_handicap,HT,home_plus_1_5,1336,,,,,skip_min
liga,ligue-1,escanteios_handicap,HT,home_plus_2_5,1336,,,,,skip_min
liga,ligue-1,escanteios_oddeven,FT,impar,1336,,,,,skip_min
liga,ligue-1,escanteios_oddeven,FT,par,1336,,,,,skip_min
liga,ligue-1,escanteios_oddeven,HT,impar,1336,,,,,skip_min
liga,ligue-1,escanteios_oddeven,HT,par,1336,,,,,skip_min
liga,ligue-1,faltas,FT,over,18704,0.559172,0.577149,0.197000,56,fit
liga,ligue-1,faltas,FT,under,18704,0.440828,0.422851,0.197000,57,fit
liga,ligue-1,gols,FT,over,21376,0.347436,0.348943,0.138419,88,fit
liga,ligue-1,gols,FT,under,21376,0.652564,0.651057,0.138419,88,fit
liga,ligue-1,gols,HT,over,10688,0.273444,0.306418,0.165633,70,fit
liga,ligue-1,gols,HT,under,10688,0.726556,0.693582,0.165633,70,fit
liga,ligue-1,gols_oddeven,FT,impar,1336,,,,,skip_min
liga,ligue-1,gols_oddeven,FT,par,1336,,,,,skip_min
liga,ligue-1,gols_oddeven,HT,impar,1336,,,,,skip_min
liga,ligue-1,gols_oddeven,HT,par,1336,,,,,skip_min
liga,ligue-1,gols,2T,over,5344,0.412917,0.383046,0.162058,50,fit
liga,ligue-1,gols,2T,under,5344,0.587083,0.616954,0.162058,50,fit
liga,ligue-1,impedimentos,FT,over,13360,0.434636,0.425524,0.201304,49,fit
liga,ligue-1,impedimentos,FT,under,13360,0.565364,0.574476,0.201304,52,fit
liga,la-liga,1x2,FT,away,1493,,,,,skip_min
liga,la-liga,1x2,FT,draw,1493,,,,,skip_min
liga,la-liga,1x2,FT,home,1493,,,,,skip_min
liga,la-liga,1x2,HT,away,1493,,,,,skip_min
liga,la-liga,1x2,HT,draw,1493,,,,,skip_min
liga,la-liga,1x2,HT,home,1493,,,,,skip_min
liga,la-liga,btts,FT,nao,1493,,,,,skip_min
liga,la-liga,btts,FT,sim,1493,,,,,skip_min
liga,la-liga,btts,HT,nao,1493,,,,,skip_min
liga,la-liga,btts,HT,sim,1493,,,,,skip_min
liga,la-liga,cartoes_1x2,FT,away,1493,,,,,skip_min
liga,la-liga,cartoes_1x2,FT,draw,1493,,,,,skip_min
liga,la-liga,cartoes_1x2,FT,home,1493,,,,,skip_min
liga,la-liga,cartoes,FT,over,22395,0.549091,0.578299,0.179621,84,fit
liga,la-liga,cartoes,FT,under,22395,0.450909,0.421701,0.179621,91,fit
liga,la-liga,cartoes,HT,over,11944,0.348253,0.400871,0.193389,51,fit
liga,la-liga,cartoes,HT,under,11944,0.651747,0.599129,0.193389,54,fit
liga,la-liga,chutes_1x2,FT,away,1493,,,,,skip_min
liga,la-liga,chutes_1x2,FT,draw,1493,,,,,skip_min
liga,la-liga,chutes_1x2,FT,home,1493,,,,,skip_min
liga,la-liga,chutes_1x2,HT,away,1493,,,,,skip_min
liga,la-liga,chutes_1x2,HT,draw,1493,,,,,skip_min
liga,la-liga,chutes_1x2,HT,home,1493,,,,,skip_min
liga,la-liga,chutes_alvo_1x2,FT,away,1493,,,,,skip_min
liga,la-liga,chutes_alvo_1x2,FT,draw,1493,,,,,skip_min
liga,la-liga,chutes_alvo_1x2,FT,home,1493,,,,,skip_min
liga,la-liga,chutes_alvo_1x2,HT,away,1493,,,,,skip_min
liga,la-liga,chutes_alvo_1x2,HT,draw,1493,,,,,skip_min
liga,la-liga,chutes_alvo_1x2,HT,home,1493,,,,,skip_min
liga,la-liga,chutes_alvo,FT,over,25381,0.385714,0.396714,0.194315,49,fit
liga,la-liga,chutes_alvo,FT,under,25381,0.614286,0.603286,0.194315,49,fit
liga,la-liga,chutes_alvo,HT,over,17916,0.381173,0.430286,0.189180,48,fit
liga,la-liga,chutes_alvo,HT,under,17916,0.618827,0.569714,0.189180,47,fit
liga,la-liga,chutes,FT,over,34339,0.432607,0.440461,0.192567,125,fit
liga,la-liga,chutes,FT,under,34339,0.567393,0.559539,0.192567,137,fit
liga,la-liga,chutes,HT,over,19409,0.583349,0.523984,0.219589,82,fit
liga,la-liga,chutes,HT,under,19409,0.416651,0.476016,0.219589,86,fit
liga,la-liga,dupla,FT,12,1493,,,,,skip_min
liga,la-liga,dupla,FT,1x,1493,,,,,skip_min
liga,la-liga,dupla,FT,x2,1493,,,,,skip_min
liga,la-liga,dupla,HT,12,1493,,,,,skip_min
liga,la-liga,dupla,HT,1x,1493,,,,,skip_min
liga,la-liga,dupla,HT,x2,1493,,,,,skip_min
liga,la-liga,escanteios_1x2,FT,away,1493,,,,,skip_min
liga,la-liga,escanteios_1x2,FT,draw,1493,,,,,skip_min
liga,la-liga,escanteios_1x2,FT,home,1493,,,,,skip_min
liga,la-liga,escanteios_1x2,HT,away,1493,,,,,skip_min
liga,la-liga,escanteios_1x2,HT,draw,1493,,,,,skip_min
liga,la-liga,escanteios_1x2,HT,home,1493,,,,,skip_min
liga,la-liga,escanteios,FT,over,29860,0.399478,0.396986,0.186436,171,fit
liga,la-liga,escanteios,FT,under,29860,0.600522,0.603014,0.186436,171,fit
liga,la-liga,escanteios,HT,over,22395,0.391484,0.443894,0.178566,148,fit
liga,la-liga,escanteios,HT,under,22395,0.608516,0.556106,0.178566,146,fit
liga,la-liga,escanteios_handicap,FT,away_minus_1_5,1493,,,,,skip_min
liga,la-liga,escanteios_handicap,FT,away_minus_2_5,1493,,,,,skip_min
liga,la-liga,escanteios_handicap,FT,away_minus_3_5,1493,,,,,skip_min
liga,la-liga,escanteios_handicap,FT,away_minus_4_5,1493,,,,,skip_min
liga,la-liga,escanteios_handicap,FT,away_plus_1_5,1493,,,,,skip_min
liga,la-liga,escanteios_handicap,FT,away_plus_2_5,1493,,,,,skip_min
liga,la-liga,escanteios_handicap,FT,away_plus_3_5,1493,,,,,skip_min
liga,la-liga,escanteios_handicap,FT,away_plus_4_5,1493,,,,,skip_min
liga,la-liga,escanteios_handicap,FT,home_minus_1_5,1493,,,,,skip_min
liga,la-liga,escanteios_handicap,FT,home_minus_2_5,1493,,,,,skip_min
liga,la-liga,escanteios_handicap,FT,home_minus_3_5,1493,,,,,skip_min
liga,la-liga,escanteios_handicap,FT,home_minus_4_5,1493,,,,,skip_min
liga,la-liga,escanteios_handicap,FT,home_plus_1_5,1493,,,,,skip_min
liga,la-liga,escanteios_handicap,FT,home_plus_2_5,1493,,,,,skip_min
liga,la-liga,escanteios_handicap,FT,home_plus_3_5,1493,,,,,skip_min
liga,la-liga,escanteios_handicap,FT,home_plus_4_5,1493,,,,,skip_min
liga,la-liga,escanteios_handicap,HT,away_minus_1_5,1493,,,,,skip_min
liga,la-liga,escanteios_handicap,HT,away_minus_2_5,1493,,,,,skip_min
liga,la-liga,escanteios_handicap,HT,away_plus_1_5,1493,,,,,skip_min
liga,la-liga,escanteios_handicap,HT,away_plus_2_5,1493,,,,,skip_min
liga,la-liga,escanteios_handicap,HT,home_minus_1_5,1493,,,,,skip_min
liga,la-liga,escanteios_handicap,HT,home_minus_2_5,1493,,,,,skip_min
liga,la-liga,escanteios_handicap,HT,home_plus_1_5,1493,,,,,skip_min
liga,la-liga,escanteios_handicap,HT,home_plus_2_5,1493,,,,,skip_min
liga,la-liga,escanteios_oddeven,FT,impar,1493,,,,,skip_min
liga,la-liga,escanteios_oddeven,FT,par,1493,,,,,skip_min
liga,la-liga,escanteios_oddeven,HT,impar,1493,,,,,skip_min
liga,la-liga,escanteios_oddeven,HT,par,1493,,,,,skip_min
liga,la-liga,faltas,FT,over,20902,0.656433,0.630562,0.183897,120,fit
liga,la-liga,faltas,FT,under,20902,0.343567,0.369438,0.183897,118,fit
liga,la-liga,gols,FT,over,23888,0.321213,0.321333,0.131414,78,fit
liga,la-liga,gols,FT,under,23888,0.678787,0.678667,0.131414,84,fit
liga,la-liga,gols,HT,over,11944,0.253026,0.279220,0.157633,77,fit
liga,la-liga,gols,HT,under,11944,0.746974,0.720780,0.157633,77,fit
liga,la-liga,gols_oddeven,FT,impar,1493,,,,,skip_min
liga,la-liga,gols_oddeven,FT,par,1493,,,,,skip_min
liga,la-liga,gols_oddeven,HT,impar,1493,,,,,skip_min
liga,la-liga,gols_oddeven,HT,par,1493,,,,,skip_min
liga,la-liga,gols,2T,over,5972,0.383027,0.355660,0.157630,88,fit
liga,la-liga,gols,2T,under,5972,0.616973,0.644340,0.157630,88,fit
liga,la-liga,impedimentos,FT,over,14930,0.572008,0.537910,0.220689,50,fit
liga,la-liga,impedimentos,FT,under,14930,0.427992,0.462090,0.220689,46,fit
liga,bundesliga,1x2,FT,away,1161,,,,,skip_min
liga,bundesliga,1x2,FT,draw,1161,,,,,skip_min
liga,bundesliga,1x2,FT,home,1161,,,,,skip_min
liga,bundesliga,1x2,HT,away,1161,,,,,skip_min
liga,bundesliga,1x2,HT,draw,1161,,,,,skip_min
liga,bundesliga,1x2,HT,home,1161,,,,,skip_min
liga,bundesliga,btts,FT,nao,1161,,,,,skip_min
liga,bundesliga,btts,FT,sim,1161,,,,,skip_min
liga,bundesliga,btts,HT,nao,1161,,,,,skip_min
liga,bundesliga,btts,HT,sim,1161,,,,,skip_min
liga,bundesliga,cartoes_1x2,FT,away,1161,,,,,skip_min
liga,bundesliga,cartoes_1x2,FT,draw,1161,,,,,skip_min
liga,bundesliga,cartoes_1x2,FT,home,1161,,,,,skip_min
liga,bundesliga,cartoes,FT,over,17415,0.417061,0.463336,0.173601,86,fit
liga,bundesliga,cartoes,FT,under,17415,0.582939,0.536664,0.173601,82,fit
liga,bundesliga,cartoes,HT,over,9288,0.270155,0.338394,0.182022,68,fit
liga,bundesliga,cartoes,HT,under,9288,0.729845,0.661606,0.182022,62,fit
liga,bundesliga,chutes_1x2,FT,away,1161,,,,,skip_min
liga,bundesliga,chutes_1x2,FT,draw,1161,,,,,skip_min
liga,bundesliga,chutes_1x2,FT,home,1161,,,,,skip_min
liga,bundesliga,chutes_1x2,HT,away,1161,,,,,skip_min
liga,bundesliga,chutes_1x2,HT,draw,1161,,,,,skip_min
liga,bundesliga,chutes_1x2,HT,home,1161,,,,,skip_min
liga,bundesliga,chutes_alvo_1x2,FT,away,1161,,,,,skip_min
liga,bundesliga,chutes_alvo_1x2,FT,draw,1161,,,,,skip_min
liga,bundesliga,chutes_alvo_1x2,FT,home,1161,,,,,skip_min
liga,bundesliga,chutes_alvo_1x2,HT,away,1161,,,,,skip_min
liga,bundesliga,chutes_alvo_1x2,HT,draw,1161,,,,,skip_min
liga,bundesliga,chutes_alvo_1x2,HT,home,1161,,,,,skip_min
liga,bundesliga,chutes_alvo,FT,over,19737,0.494485,0.478340,0.205057,39,fit
liga,bundesliga,chutes_alvo,FT,under,19737,0.505515,0.521660,0.205057,37,fit
liga,bundesliga,chutes_alvo,HT,over,13932,0.446181,0.500215,0.196528,24,fit
liga,bundesliga,chutes_alvo,HT,under,13932,0.553819,0.499785,0.196528,21,fit
liga,bundesliga,chutes,FT,over,26703,0.541839,0.531476,0.203513,79,fit
liga,bundesliga,chutes,FT,under,26703,0.458161,0.468524,0.203513,81,fit
liga,bundesliga,chutes,HT,over,15093,0.665253,0.591599,0.217768,70,fit
liga,bundesliga,chutes,HT,under,15093,0.334747,0.408401,0.217768,69,fit
liga,bundesliga,dupla,FT,12,1161,,,,,skip_min
liga,bundesliga,dupla,FT,1x,1161,,,,,skip_min
liga,bundesliga,dupla,FT,x2,1161,,,,,skip_min
liga,bundesliga,dupla,HT,12,1161,,,,,skip_min
liga,bundesliga,dupla,HT,1x,1161,,,,,skip_min
liga,bundesliga,dupla,HT,x2,1161,,,,,skip_min
liga,bundesliga,escanteios_1x2,FT,away,1161,,,,,skip_min
liga,bundesliga,escanteios_1x2,FT,draw,1161,,,,,skip_min
liga,bundesliga,escanteios_1x2,FT,home,1161,,,,,skip_min
liga,bundesliga,escanteios_1x2,HT,away,1161,,,,,skip_min
liga,bundesliga,escanteios_1x2,HT,draw,1161,,,,,skip_min
liga,bundesliga,escanteios_1x2,HT,home,1161,,,,,skip_min
liga,bundesliga,escanteios,FT,over,23220,0.425389,0.423643,0.197485,89,fit
liga,bundesliga,escanteios,FT,under,23220,0.574611,0.576357,0.197485,88,fit
liga,bundesliga,escanteios,HT,over,17415,0.407297,0.451105,0.185666,82,fit
liga,bundesliga,escanteios,HT,under,17415,0.592703,0.548895,0.185666,85,fit
liga,bundesliga,escanteios_handicap,FT,away_minus_1_5,1161,,,,,skip_min
liga,bundesliga,escanteios_handicap,FT,away_minus_2_5,1161,,,,,skip_min
liga,bundesliga,escanteios_handicap,FT,away_minus_3_5,1161,,,,,skip_min
liga,bundesliga,escanteios_handicap,FT,away_minus_4_5,1161,,,,,skip_min
liga,bundesliga,escanteios_handicap,FT,away_plus_1_5,1161,,,,,skip_min
liga,bundesliga,escanteios_handicap,FT,away_plus_2_5,1161,,,,,skip_min
liga,bundesliga,escanteios_handicap,FT,away_plus_3_5,1161,,,,,skip_min
liga,bundesliga,escanteios_handicap,FT,away_plus_4_5,1161,,,,,skip_min
liga,bundesliga,escanteios_handicap,FT,home_minus_1_5,1161,,,,,skip_min
liga,bundesliga,escanteios_handicap,FT,home_minus_2_5,1161,,,,,skip_min
liga,bundesliga,escanteios_handicap,FT,home_minus_3_5,1161,,,,,skip_min
liga,bundesliga,escanteios_handicap,FT,home_minus_4_5,1161,,,,,skip_min
liga,bundesliga,escanteios_handicap,FT,home_plus_1_5,1161,,,,,skip_min
liga,bundesliga,escanteios_handicap,FT,home_plus_2_5,1161,,,,,skip_min
liga,bundesliga,escanteios_handicap,FT,home_plus_3_5,1161,,,,,skip_min
liga,bundesliga,escanteios_handicap,FT,home_plus_4_5,1161,,,,,skip_min
liga,bundesliga,escanteios_handicap,HT,away_minus_1_5,1161,,,,,skip_min
liga,bundesliga,escanteios_handicap,HT,away_minus_2_5,1161,,,,,skip_min
liga,bundesliga,escanteios_handicap,HT,away_plus_1_5,1161,,,,,skip_min
liga,bundesliga,escanteios_handicap,HT,away_plus_2_5,1161,,,,,skip_min
liga,bundesliga,escanteios_handicap,HT,home_minus_1_5,1161,,,,,skip_min
liga,bundesliga,escanteios_handicap,HT,home_minus_2_5,1161,,,,,skip_min
liga,bundesliga,escanteios_handicap,HT,home_plus_1_5,1161,,,,,skip_min
liga,bundesliga,escanteios_handicap,HT,home_plus_2_5,1161,,,,,skip_min
liga,bundesliga,escanteios_oddeven,FT,impar,1161,,,,,skip_min
liga,bundesliga,escanteios_oddeven,FT,par,1161,,,,,skip_min
liga,bundesliga,escanteios_oddeven,HT,impar,1161,,,,,skip_min
liga,bundesliga,escanteios_oddeven,HT,par,1161,,,,,skip_min
liga,bundesliga,faltas,FT,over,16254,0.523774,0.480559,0.195132,72,fit
liga,bundesliga,faltas,FT,under,16254,0.476226,0.519441,0.195132,73,fit
liga,bundesliga,gols,FT,over,18576,0.399483,0.389535,0.148548,84,fit
liga,bundesliga,gols,FT,under,18576,0.600517,0.610465,0.148548,85,fit
liga,bundesliga,gols,HT,over,9288,0.314039,0.352606,0.176538,43,fit
liga,bundesliga,gols,HT,under,9288,0.685961,0.647394,0.176538,44,fit
liga,bundesliga,gols_oddeven,FT,impar,1161,,,,,skip_min
liga,bundesliga,gols_oddeven,FT,par,1161,,,,,skip_min
liga,bundesliga,gols_oddeven,HT,impar,1161,,,,,skip_min
liga,bundesliga,gols_oddeven,HT,par,1161,,,,,skip_min
liga,bundesliga,gols,2T,over,4644,0.472963,0.414513,0.171525,57,fit
liga,bundesliga,gols,2T,under,4644,0.527037,0.585487,0.171525,57,fit
liga,bundesliga,impedimentos,FT,over,11610,0.514606,0.492679,0.209925,41,fit
liga,bundesliga,impedimentos,FT,under,11610,0.485394,0.507321,0.209925,41,fit
liga,superliga-argentina,1x2,FT,away,346,,,,,skip_min
liga,superliga-argentina,1x2,FT,draw,346,,,,,skip_min
liga,superliga-argentina,1x2,FT,home,346,,,,,skip_min
liga,superliga-argentina,1x2,HT,away,346,,,,,skip_min
liga,superliga-argentina,1x2,HT,draw,346,,,,,skip_min
liga,superliga-argentina,1x2,HT,home,346,,,,,skip_min
liga,superliga-argentina,btts,FT,nao,346,,,,,skip_min
liga,superliga-argentina,btts,FT,sim,346,,,,,skip_min
liga,superliga-argentina,btts,HT,nao,346,,,,,skip_min
liga,superliga-argentina,btts,HT,sim,346,,,,,skip_min
liga,superliga-argentina,cartoes_1x2,FT,away,346,,,,,skip_min
liga,superliga-argentina,cartoes_1x2,FT,draw,346,,,,,skip_min
liga,superliga-argentina,cartoes_1x2,FT,home,346,,,,,skip_min
liga,superliga-argentina,cartoes,FT,over,5190,0.581112,0.674566,0.173817,86,fit
liga,superliga-argentina,cartoes,FT,under,5190,0.418888,0.325434,0.173817,83,fit
liga,superliga-argentina,cartoes,HT,over,2768,0.368963,0.525289,0.215749,60,fit
liga,superliga-argentina,cartoes,HT,under,2768,0.631037,0.474711,0.215749,61,fit
liga,superliga-argentina,chutes_1x2,FT,away,346,,,,,skip_min
liga,superliga-argentina,chutes_1x2,FT,draw,346,,,,,skip_min
liga,superliga-argentina,chutes_1x2,FT,home,346,,,,,skip_min
liga,superliga-argentina,chutes_1x2,HT,away,346,,,,,skip_min
liga,superliga-argentina,chutes_1x2,HT,draw,346,,,,,skip_min
liga,superliga-argentina,chutes_1x2,HT,home,346,,,,,skip_min
liga,superliga-argentina,chutes_alvo_1x2,FT,away,346,,,,,skip_min
liga,superliga-argentina,chutes_alvo_1x2,FT,draw,346,,,,,skip_min
liga,superliga-argentina,chutes_alvo_1x2,FT,home,346,,,,,skip_min
liga,superliga-argentina,chutes_alvo_1x2,HT,away,346,,,,,skip_min
liga,superliga-argentina,chutes_alvo_1x2,HT,draw,346,,,,,skip_min
liga,superliga-argentina,chutes_alvo_1x2,HT,home,346,,,,,skip_min
liga,superliga-argentina,chutes_alvo,FT,over,5882,0.326746,0.326930,0.177583,26,fit
liga,superliga-argentina,chutes_alvo,FT,under,5882,0.673254,0.673070,0.177583,29,fit
liga,superliga-argentina,chutes_alvo,HT,over,4152,0.345320,0.393545,0.179317,30,fit
liga,superliga-argentina,chutes_alvo,HT,under,4152,0.654680,0.606455,0.179317,28,fit
liga,superliga-argentina,chutes,FT,over,7958,0.405887,0.393064,0.193938,124,fit
liga,superliga-argentina,chutes,FT,under,7958,0.594113,0.606936,0.193938,125,fit
liga,superliga-argentina,chutes,HT,over,4498,0.560884,0.503112,0.217151,65,fit
liga,superliga-argentina,chutes,HT,under,4498,0.439116,0.496888,0.217151,62,fit
liga,superliga-argentina,dupla,FT,12,346,,,,,skip_min
liga,superliga-argentina,dupla,FT,1x,346,,,,,skip_min
liga,superliga-argentina,dupla,FT,x2,346,,,,,skip_min
liga,superliga-argentina,dupla,HT,12,346,,,,,skip_min
liga,superliga-argentina,dupla,HT,1x,346,,,,,skip_min
liga,superliga-argentina,dupla,HT,x2,346,,,,,skip_min
liga,superliga-argentina,escanteios_1x2,FT,away,346,,,,,skip_min
liga,superliga-argentina,escanteios_1x2,FT,draw,346,,,,,skip_min
liga,superliga-argentina,escanteios_1x2,FT,home,346,,,,,skip_min
liga,superliga-argentina,escanteios_1x2,HT,away,346,,,,,skip_min
liga,superliga-argentina,escanteios_1x2,HT,draw,346,,,,,skip_min
liga,superliga-argentina,escanteios_1x2,HT,home,346,,,,,skip_min
liga,superliga-argentina,escanteios,FT,over,6920,0.362248,0.354913,0.191411,58,fit
liga,superliga-argentina,escanteios,FT,under,6920,0.637752,0.645087,0.191411,61,fit
liga,superliga-argentina,escanteios,HT,over,5190,0.367485,0.417148,0.180569,67,fit
liga,superliga-argentina,escanteios,HT,under,5190,0.632515,0.582852,0.180569,68,fit
liga,superliga-argentina,escanteios_handicap,FT,away_minus_1_5,346,,,,,skip_min
liga,superliga-argentina,escanteios_handicap,FT,away_minus_2_5,346,,,,,skip_min
liga,superliga-argentina,escanteios_handicap,FT,away_minus_3_5,346,,,,,skip_min
liga,superliga-argentina,escanteios_handicap,FT,away_minus_4_5,346,,,,,skip_min
liga,superliga-argentina,escanteios_handicap,FT,away_plus_1_5,346,,,,,skip_min
liga,superliga-argentina,escanteios_handicap,FT,away_plus_2_5,346,,,,,skip_min
liga,superliga-argentina,escanteios_handicap,FT,away_plus_3_5,346,,,,,skip_min
liga,superliga-argentina,escanteios_handicap,FT,away_plus_4_5,346,,,,,skip_min
liga,superliga-argentina,escanteios_handicap,FT,home_minus_1_5,346,,,,,skip_min
liga,superliga-argentina,escanteios_handicap,FT,home_minus_2_5,346,,,,,skip_min
liga,superliga-argentina,escanteios_handicap,FT,home_minus_3_5,346,,,,,skip_min
liga,superliga-argentina,escanteios_handicap,FT,home_minus_4_5,346,,,,,skip_min
liga,superliga-argentina,escanteios_handicap,FT,home_plus_1_5,346,,,,,skip_min
liga,superliga-argentina,escanteios_handicap,FT,home_plus_2_5,346,,,,,skip_min
liga,superliga-argentina,escanteios_handicap,FT,home_plus_3_5,346,,,,,skip_min
liga,superliga-argentina,escanteios_handicap,FT,home_plus_4_5,346,,,,,skip_min
liga,superliga-argentina,escanteios_handicap,HT,away_minus_1_5,346,,,,,skip_min
liga,superliga-argentina,escanteios_handicap,HT,away_minus_2_5,346,,,,,skip_min
liga,superliga-argentina,escanteios_handicap,HT,away_plus_1_5,346,,,,,skip_min
liga,superliga-argentina,escanteios_handicap,HT,away_plus_2_5,346,,,,,skip_min
liga,superliga-argentina,escanteios_handicap,HT,home_minus_1_5,346,,,,,skip_min
liga,superliga-argentina,escanteios_handicap,HT,home_minus_2_5,346,,,,,skip_min
liga,superliga-argentina,escanteios_handicap,HT,home_plus_1_5,346,,,,,skip_min
liga,superliga-argentina,escanteios_handicap,HT,home_plus_2_5,346,,,,,skip_min
liga,superliga-argentina,escanteios_oddeven,FT,impar,346,,,,,skip_min
liga,superliga-argentina,escanteios_oddeven,FT,par,346,,,,,skip_min
liga,superliga-argentina,escanteios_oddeven,HT,impar,346,,,,,skip_min
liga,superliga-argentina,escanteios_oddeven,HT,par,346,,,,,skip_min
liga,superliga-argentina,faltas,FT,over,4844,0.615070,0.618910,0.192848,51,fit
liga,superliga-argentina,faltas,FT,under,4844,0.384930,0.381090,0.192848,51,fit
liga,superliga-argentina,gols,FT,over,5536,0.254687,0.244039,0.132108,49,fit
liga,superliga-argentina,gols,FT,under,5536,0.745313,0.755961,0.132108,68,fit
liga,superliga-argentina,gols,HT,over,2768,0.201040,0.207370,0.140577,27,fit
liga,superliga-argentina,gols,HT,under,2768,0.798960,0.792630,0.140577,28,fit
liga,superliga-argentina,gols_oddeven,FT,impar,346,,,,,skip_min
liga,superliga-argentina,gols_oddeven,FT,par,346,,,,,skip_min
liga,superliga-argentina,gols_oddeven,HT,impar,346,,,,,skip_min
liga,superliga-argentina,gols_oddeven,HT,par,346,,,,,skip_min
liga,superliga-argentina,gols,2T,over,1384,,,,,skip_min
liga,superliga-argentina,gols,2T,under,1384,,,,,skip_min
liga,superliga-argentina,impedimentos,FT,over,3460,0.451156,0.430058,0.209749,43,fit
liga,superliga-argentina,impedimentos,FT,under,3460,0.548844,0.569942,0.209749,48,fit
liga,primeira-liga,1x2,FT,away,12,,,,,skip_min
liga,primeira-liga,1x2,FT,draw,12,,,,,skip_min
liga,primeira-liga,1x2,FT,home,12,,,,,skip_min
liga,primeira-liga,1x2,HT,away,12,,,,,skip_min
liga,primeira-liga,1x2,HT,draw,12,,,,,skip_min
liga,primeira-liga,1x2,HT,home,12,,,,,skip_min
liga,primeira-liga,btts,FT,nao,12,,,,,skip_min
liga,primeira-liga,btts,FT,sim,12,,,,,skip_min
liga,primeira-liga,btts,HT,nao,12,,,,,skip_min
liga,primeira-liga,btts,HT,sim,12,,,,,skip_min
liga,primeira-liga,cartoes_1x2,FT,away,12,,,,,skip_min
liga,primeira-liga,cartoes_1x2,FT,draw,12,,,,,skip_min
liga,primeira-liga,cartoes_1x2,FT,home,12,,,,,skip_min
liga,primeira-liga,cartoes,FT,over,180,,,,,skip_min
liga,primeira-liga,cartoes,FT,under,180,,,,,skip_min
liga,primeira-liga,cartoes,HT,over,96,,,,,skip_min
liga,primeira-liga,cartoes,HT,under,96,,,,,skip_min
liga,primeira-liga,chutes_1x2,FT,away,12,,,,,skip_min
liga,primeira-liga,chutes_1x2,FT,draw,12,,,,,skip_min
liga,primeira-liga,chutes_1x2,FT,home,12,,,,,skip_min
liga,primeira-liga,chutes_1x2,HT,away,12,,,,,skip_min
liga,primeira-liga,chutes_1x2,HT,draw,12,,,,,skip_min
liga,primeira-liga,chutes_1x2,HT,home,12,,,,,skip_min
liga,primeira-liga,chutes_alvo_1x2,FT,away,12,,,,,skip_min
liga,primeira-liga,chutes_alvo_1x2,FT,draw,12,,,,,skip_min
liga,primeira-liga,chutes_alvo_1x2,FT,home,12,,,,,skip_min
liga,primeira-liga,chutes_alvo_1x2,HT,away,12,,,,,skip_min
liga,primeira-liga,chutes_alvo_1x2,HT,draw,12,,,,,skip_min
liga,primeira-liga,chutes_alvo_1x2,HT,home,12,,,,,skip_min
liga,primeira-liga,chutes_alvo,FT,over,204,,,,,skip_min
liga,primeira-liga,chutes_alvo,FT,under,204,,,,,skip_min
liga,primeira-liga,chutes_alvo,HT,over,144,,,,,skip_min
liga,primeira-liga,chutes_alvo,HT,under,144,,,,,skip_min
liga,primeira-liga,chutes,FT,over,276,,,,,skip_min
liga,primeira-liga,chutes,FT,under,276,,,,,skip_min
liga,primeira-liga,chutes,HT,over,156,,,,,skip_min
liga,primeira-liga,chutes,HT,under,156,,,,,skip_min
liga,primeira-liga,dupla,FT,12,12,,,,,skip_min
liga,primeira-liga,dupla,FT,1x,12,,,,,skip_min
liga,primeira-liga,dupla,FT,x2,12,,,,,skip_min
liga,primeira-liga,dupla,HT,12,12,,,,,skip_min
liga,primeira-liga,dupla,HT,1x,12,,,,,skip_min
liga,primeira-liga,dupla,HT,x2,12,,,,,skip_min
liga,primeira-liga,escanteios_1x2,FT,away,12,,,,,skip_min
liga,primeira-liga,escanteios_1x2,FT,draw,12,,,,,skip_min
liga,primeira-liga,escanteios_1x2,FT,home,12,,,,,skip_min
liga,primeira-liga,escanteios_1x2,HT,away,12,,,,,skip_min
liga,primeira-liga,escanteios_1x2,HT,draw,12,,,,,skip_min
liga,primeira-liga,escanteios_1x2,HT,home,12,,,,,skip_min
liga,primeira-liga,escanteios,FT,over,240,,,,,skip_min
liga,primeira-liga,escanteios,FT,under,240,,,,,skip_min
liga,primeira-liga,escanteios,HT,over,180,,,,,skip_min
liga,primeira-liga,escanteios,HT,under,180,,,,,skip_min
liga,primeira-liga,escanteios_handicap,FT,away_minus_1_5,12,,,,,skip_min
liga,primeira-liga,escanteios_handicap,FT,away_minus_2_5,12,,,,,skip_min
liga,primeira-liga,escanteios_handicap,FT,away_minus_3_5,12,,,,,skip_min
liga,primeira-liga,escanteios_handicap,FT,away_minus_4_5,12,,,,,skip_min
liga,primeira-liga,escanteios_handicap,FT,away_plus_1_5,12,,,,,skip_min
liga,primeira-liga,escanteios_handicap,FT,away_plus_2_5,12,,,,,skip_min
liga,primeira-liga,escanteios_handicap,FT,away_plus_3_5,12,,,,,skip_min
liga,primeira-liga,escanteios_handicap,FT,away_plus_4_5,12,,,,,skip_min
liga,primeira-liga,escanteios_handicap,FT,home_minus_1_5,12,,,,,skip_min
liga,primeira-liga,escanteios_handicap,FT,home_minus_2_5,12,,,,,skip_min
liga,primeira-liga,escanteios_handicap,FT,home_minus_3_5,12,,,,,skip_min
liga,primeira-liga,escanteios_handicap,FT,home_minus_4_5,12,,,,,skip_min
liga,primeira-liga,escanteios_handicap,FT,home_plus_1_5,12,,,,,skip_min
liga,primeira-liga,escanteios_handicap,FT,home_plus_2_5,12,,,,,skip_min
liga,primeira-liga,escanteios_handicap,FT,home_plus_3_5,12,,,,,skip_min
liga,primeira-liga,escanteios_handicap,FT,home_plus_4_5,12,,,,,skip_min
liga,primeira-liga,escanteios_handicap,HT,away_minus_1_5,12,,,,,skip_min
liga,primeira-liga,escanteios_handicap,HT,away_minus_2_5,12,,,,,skip_min
liga,primeira-liga,escanteios_handicap,HT,away_plus_1_5,12,,,,,skip_min
liga,primeira-liga,escanteios_handicap,HT,away_plus_2_5,12,,,,,skip_min
liga,primeira-liga,escanteios_handicap,HT,home_minus_1_5,12,,,,,skip_min
liga,primeira-liga,escanteios_handicap,HT,home_minus_2_5,12,,,,,skip_min
liga,primeira-liga,escanteios_handicap,HT,home_plus_1_5,12,,,,,skip_min
liga,primeira-liga,escanteios_handicap,HT,home_plus_2_5,12,,,,,skip_min
liga,primeira-liga,escanteios_oddeven,FT,impar,12,,,,,skip_min
liga,primeira-liga,escanteios_oddeven,FT,par,12,,,,,skip_min
liga,primeira-liga,escanteios_oddeven,HT,impar,12,,,,,skip_min
liga,primeira-liga,escanteios_oddeven,HT,par,12,,,,,skip_min
liga,primeira-liga,faltas,FT,over,168,,,,,skip_min
liga,primeira-liga,faltas,FT,under,168,,,,,skip_min
liga,primeira-liga,gols,FT,over,192,,,,,skip_min
liga,primeira-liga,gols,FT,under,192,,,,,skip_min
liga,primeira-liga,gols,HT,over,96,,,,,skip_min
liga,primeira-liga,gols,HT,under,96,,,,,skip_min
liga,primeira-liga,gols_oddeven,FT,impar,12,,,,,skip_min
liga,primeira-liga,gols_oddeven,FT,par,12,,,,,skip_min
liga,primeira-liga,gols_oddeven,HT,impar,12,,,,,skip_min
liga,primeira-liga,gols_oddeven,HT,par,12,,,,,skip_min
liga,primeira-liga,gols,2T,over,48,,,,,skip_min
liga,primeira-liga,gols,2T,under,48,,,,,skip_min
liga,primeira-liga,impedimentos,FT,over,120,,,,,skip_min
liga,primeira-liga,impedimentos,FT,under,120,,,,,skip_min
liga,brasileirao,1x2,FT,away,1685,0.179996,0.254599,0.192519,16,fit
liga,brasileirao,1x2,FT,draw,1685,0.248999,0.267656,0.195131,17,fit
liga,brasileirao,1x2,FT,home,1685,0.571005,0.477745,0.246369,24,fit
liga,brasileirao,1x2,HT,away,1685,0.149640,0.197626,0.160403,20,fit
liga,brasileirao,1x2,HT,draw,1685,0.464897,0.446291,0.248111,18,fit
liga,brasileirao,1x2,HT,home,1685,0.385463,0.356083,0.227016,18,fit
liga,brasileirao,btts,FT,nao,1685,0.582345,0.522255,0.260567,15,fit
liga,brasileirao,btts,FT,sim,1685,0.417655,0.477745,0.260567,15,fit
liga,brasileirao,btts,HT,nao,1685,0.871434,0.821365,0.149848,12,fit
liga,brasileirao,btts,HT,sim,1685,0.128566,0.178635,0.149848,12,fit
liga,brasileirao,cartoes_1x2,FT,away,1685,0.433312,0.456973,0.251078,18,fit
liga,brasileirao,cartoes_1x2,FT,draw,1685,0.185157,0.197033,0.158610,9,fit
liga,brasileirao,cartoes_1x2,FT,home,1685,0.381531,0.345994,0.227865,14,fit
liga,brasileirao,cartoes,FT,over,25275,0.539271,0.609891,0.179196,76,fit
liga,brasileirao,cartoes,FT,under,25275,0.460729,0.390109,0.179196,74,fit
liga,brasileirao,cartoes,HT,over,13480,0.342187,0.453932,0.214430,51,fit
liga,brasileirao,cartoes,HT,under,13480,0.657813,0.546068,0.214430,52,fit
liga,brasileirao,chutes_1x2,FT,away,1685,0.253337,0.313353,0.210026,30,fit
liga,brasileirao,chutes_1x2,FT,draw,1685,0.061628,0.033828,0.033694,79,fit
liga,brasileirao,chutes_1x2,FT,home,1685,0.684550,0.652819,0.220482,30,fit
liga,brasileirao,chutes_1x2,HT,away,1685,0.290757,0.300297,0.202307,45,fit
liga,brasileirao,chutes_1x2,HT,draw,1685,0.100854,0.077151,0.071718,22,fit
liga,brasileirao,chutes_1x2,HT,home,1685,0.608389,0.622552,0.225911,37,fit
liga,brasileirao,chutes_alvo_1x2,FT,away,1685,0.430820,0.308012,0.228249,8,fit
liga,brasileirao,chutes_alvo_1x2,FT,draw,1685,0.138361,0.113353,0.101121,13,fit
liga,brasileirao,chutes_alvo_1x2,FT,home,1685,0.430820,0.578635,0.265635,13,fit
liga,brasileirao,chutes_alvo_1x2,HT,away,1685,0.387345,0.297923,0.217188,11,fit
liga,brasileirao,chutes_alvo_1x2,HT,draw,1685,0.225311,0.194065,0.157348,13,fit
liga,brasileirao,chutes_alvo_1x2,HT,home,1685,0.387345,0.508012,0.264453,14,fit
liga,brasileirao,chutes_alvo,FT,over,28645,0.425470,0.440251,0.198294,55,fit
liga,brasileirao,chutes_alvo,FT,under,28645,0.574530,0.559749,0.198294,53,fit
liga,brasileirao,chutes_alvo,HT,over,20220,0.404988,0.473393,0.195184,46,fit
liga,brasileirao,chutes_alvo,HT,under,20220,0.595012,0.526607,0.195184,42,fit
liga,brasileirao,chutes,FT,over,38755,0.545426,0.547620,0.200997,102,fit
liga,brasileirao,chutes,FT,under,38755,0.454574,0.452380,0.200997,105,fit
liga,brasileirao,chutes,HT,over,21905,0.667388,0.633874,0.204011,77,fit
liga,brasileirao,chutes,HT,under,21905,0.332612,0.366126,0.204011,79,fit
liga,brasileirao,dupla,FT,12,1685,0.751001,0.732344,0.195131,17,fit
liga,brasileirao,dupla,FT,1x,1685,0.820004,0.745401,0.192519,16,fit
liga,brasileirao,dupla,FT,x2,1685,0.428995,0.522255,0.246369,24,fit
liga,brasileirao,dupla,HT,12,1685,0.535103,0.553709,0.248111,18,fit
liga,brasileirao,dupla,HT,1x,1685,0.850360,0.802374,0.160403,20,fit
liga,brasileirao,dupla,HT,x2,1685,0.614537,0.643917,0.227016,18,fit
liga,brasileirao,escanteios_1x2,FT,away,1685,0.306749,0.343620,0.223727,29,fit
liga,brasileirao,escanteios_1x2,FT,draw,1685,0.112395,0.081899,0.076288,26,fit
liga,brasileirao,escanteios_1x2,FT,home,1685,0.580856,0.574481,0.242392,27,fit
liga,brasileirao,escanteios_1x2,HT,away,1685,0.314691,0.316914,0.211530,34,fit
liga,brasileirao,escanteios_1x2,HT,draw,1685,0.188849,0.140653,0.123160,10,fit
liga,brasileirao,escanteios_1x2,HT,home,1685,0.496460,0.542433,0.245103,20,fit
liga,brasileirao,escanteios,FT,over,33700,0.484495,0.468902,0.200253,81,fit
liga,brasileirao,escanteios,FT,under,33700,0.515505,0.531098,0.200253,79,fit
liga,brasileirao,escanteios,HT,over,25275,0.443883,0.495628,0.184478,96,fit
liga,brasileirao,escanteios,HT,under,25275,0.556117,0.504372,0.184478,101,fit
liga,brasileirao,escanteios_handicap,FT,away_minus_1_5,1685,0.538096,0.265875,0.269185,31,fit
liga,brasileirao,escanteios_handicap,FT,away_minus_2_5,1685,0.652822,0.201187,0.365545,54,fit
liga,brasileirao,escanteios_handicap,FT,away_minus_3_5,1685,0.753920,0.144807,0.497293,87,fit
liga,brasileirao,escanteios_handicap,FT,away_minus_4_5,1685,0.835623,0.092582,0.638851,81,fit
liga,brasileirao,escanteios_handicap,FT,away_plus_1_5,1685,0.210074,0.525223,0.344106,15,fit
liga,brasileirao,escanteios_handicap,FT,away_plus_2_5,1685,0.134334,0.606528,0.456648,30,fit
liga,brasileirao,escanteios_handicap,FT,away_plus_3_5,1685,0.080170,0.684273,0.577767,29,fit
liga,brasileirao,escanteios_handicap,FT,away_plus_4_5,1685,0.044693,0.767359,0.698631,31,fit
liga,brasileirao,escanteios_handicap,FT,home_minus_1_5,1685,0.461904,0.474777,0.245869,15,fit
liga,brasileirao,escanteios_handicap,FT,home_minus_2_5,1685,0.347178,0.393472,0.235985,23,fit
liga,brasileirao,escanteios_handicap,FT,home_minus_3_5,1685,0.246080,0.315727,0.217537,22,fit
liga,brasileirao,escanteios_handicap,FT,home_minus_4_5,1685,0.164377,0.232641,0.179658,21,fit
liga,brasileirao,escanteios_handicap,FT,home_plus_1_5,1685,0.789926,0.734125,0.194922,28,fit
liga,brasileirao,escanteios_handicap,FT,home_plus_2_5,1685,0.865666,0.798813,0.162622,73,fit
liga,brasileirao,escanteios_handicap,FT,home_plus_3_5,1685,0.919830,0.855193,0.126395,62,fit
liga,brasileirao,escanteios_handicap,FT,home_plus_4_5,1685,0.955307,0.907418,0.085687,53,fit
liga,brasileirao,escanteios_handicap,HT,away_minus_1_5,1685,0.688555,0.201187,0.397079,40,fit
liga,brasileirao,escanteios_handicap,HT,away_minus_2_5,1685,0.830973,0.102671,0.622117,66,fit
liga,brasileirao,escanteios_handicap,HT,away_plus_1_5,1685,0.166180,0.623145,0.439950,19,fit
liga,brasileirao,escanteios_handicap,HT,away_plus_2_5,1685,0.074571,0.751335,0.642928,15,fit
liga,brasileirao,escanteios_handicap,HT,home_minus_1_5,1685,0.311445,0.376855,0.235836,20,fit
liga,brasileirao,escanteios_handicap,HT,home_minus_2_5,1685,0.169027,0.248665,0.191178,21,fit
liga,brasileirao,escanteios_handicap,HT,home_plus_1_5,1685,0.833820,0.798813,0.160400,31,fit
liga,brasileirao,escanteios_handicap,HT,home_plus_2_5,1685,0.925429,0.897329,0.091804,90,fit
liga,brasileirao,escanteios_oddeven,FT,impar,1685,0.500000,0.512166,0.250000,10,fit
liga,brasileirao,escanteios_oddeven,FT,par,1685,0.500000,0.487834,0.250000,13,fit
liga,brasileirao,escanteios_oddeven,HT,impar,1685,0.499888,0.489021,0.249995,13,fit
liga,brasileirao,escanteios_oddeven,HT,par,1685,0.500112,0.510979,0.249995,13,fit
liga,brasileirao,faltas,FT,over,23590,0.761067,0.710259,0.174649,153,fit
liga,brasileirao,faltas,FT,under,23590,0.238933,0.289741,0.174649,152,fit
liga,brasileirao,gols,FT,over,26960,0.305131,0.297849,0.125448,612,fit
liga,brasileirao,gols,FT,under,26960,0.694869,0.702151,0.125448,612,fit
liga,brasileirao,gols,HT,over,13480,0.240427,0.264837,0.151271,66,fit
liga,brasileirao,gols,HT,under,13480,0.759573,0.735163,0.151271,66,fit
liga,brasileirao,gols_oddeven,FT,impar,1685,0.483050,0.513947,0.250670,11,fit
liga,brasileirao,gols_oddeven,FT,par,1685,0.516950,0.486053,0.250670,11,fit
liga,brasileirao,gols_oddeven,HT,impar,1685,0.416284,0.449852,0.249191,10,fit
liga,brasileirao,gols_oddeven,HT,par,1685,0.583716,0.550148,0.249191,10,fit
liga,brasileirao,gols,2T,over,6740,0.363829,0.326706,0.147640,59,fit
liga,brasileirao,gols,2T,under,6740,0.636171,0.673294,0.147640,59,fit
liga,brasileirao,impedimentos,FT,over,16850,0.401292,0.395668,0.196308,68,fit
liga,brasileirao,impedimentos,FT,under,16850,0.598708,0.604332,0.196308,59,fit
liga,liga-mx,1x2,FT,away,65,,,,,skip_min
liga,liga-mx,1x2,FT,draw,65,,,,,skip_min
liga,liga-mx,1x2,FT,home,65,,,,,skip_min
liga,liga-mx,1x2,HT,away,65,,,,,skip_min
liga,liga-mx,1x2,HT,draw,65,,,,,skip_min
liga,liga-mx,1x2,HT,home,65,,,,,skip_min
liga,liga-mx,btts,FT,nao,65,,,,,skip_min
liga,liga-mx,btts,FT,sim,65,,,,,skip_min
liga,liga-mx,btts,HT,nao,65,,,,,skip_min
liga,liga-mx,btts,HT,sim,65,,,,,skip_min
liga,liga-mx,cartoes_1x2,FT,away,65,,,,,skip_min
liga,liga-mx,cartoes_1x2,FT,draw,65,,,,,skip_min
liga,liga-mx,cartoes_1x2,FT,home,65,,,,,skip_min
liga,liga-mx,cartoes,FT,over,975,,,,,skip_min
liga,liga-mx,cartoes,FT,under,975,,,,,skip_min
liga,liga-mx,cartoes,HT,over,520,,,,,skip_min
liga,liga-mx,cartoes,HT,under,520,,,,,skip_min
liga,liga-mx,chutes_1x2,FT,away,65,,,,,skip_min
liga,liga-mx,chutes_1x2,FT,draw,65,,,,,skip_min
liga,liga-mx,chutes_1x2,FT,home,65,,,,,skip_min
liga,liga-mx,chutes_1x2,HT,away,65,,,,,skip_min
liga,liga-mx,chutes_1x2,HT,draw,65,,,,,skip_min
liga,liga-mx,chutes_1x2,HT,home,65,,,,,skip_min
liga,liga-mx,chutes_alvo_1x2,FT,away,65,,,,,skip_min
liga,liga-mx,chutes_alvo_1x2,FT,draw,65,,,,,skip_min
liga,liga-mx,chutes_alvo_1x2,FT,home,65,,,,,skip_min
liga,liga-mx,chutes_alvo_1x2,HT,away,65,,,,,skip_min
liga,liga-mx,chutes_alvo_1x2,HT,draw,65,,,,,skip_min
liga,liga-mx,chutes_alvo_1x2,HT,home,65,,,,,skip_min
liga,liga-mx,chutes_alvo,FT,over,1105,,,,,skip_min
liga,liga-mx,chutes_alvo,FT,under,1105,,,,,skip_min
liga,liga-mx,chutes_alvo,HT,over,780,,,,,skip_min
liga,liga-mx,chutes_alvo,HT,under,780,,,,,skip_min
liga,liga-mx,chutes,FT,over,1495,,,,,skip_min
liga,liga-mx,chutes,FT,under,1495,,,,,skip_min
liga,liga-mx,chutes,HT,over,845,,,,,skip_min
liga,liga-mx,chutes,HT,under,845,,,,,skip_min
liga,liga-mx,dupla,FT,12,65,,,,,skip_min
liga,liga-mx,dupla,FT,1x,65,,,,,skip_min
liga,liga-mx,dupla,FT,x2,65,,,,,skip_min
liga,liga-mx,dupla,HT,12,65,,,,,skip_min
liga,liga-mx,dupla,HT,1x,65,,,,,skip_min
liga,liga-mx,dupla,HT,x2,65,,,,,skip_min
liga,liga-mx,escanteios_1x2,FT,away,65,,,,,skip_min
liga,liga-mx,escanteios_1x2,FT,draw,65,,,,,skip_min
liga,liga-mx,escanteios_1x2,FT,home,65,,,,,skip_min
liga,liga-mx,escanteios_1x2,HT,away,65,,,,,skip_min
liga,liga-mx,escanteios_1x2,HT,draw,65,,,,,skip_min
liga,liga-mx,escanteios_1x2,HT,home,65,,,,,skip_min
liga,liga-mx,escanteios,FT,over,1300,,,,,skip_min
liga,liga-mx,escanteios,FT,under,1300,,,,,skip_min
liga,liga-mx,escanteios,HT,over,975,,,,,skip_min
liga,liga-mx,escanteios,HT,under,975,,,,,skip_min
liga,liga-mx,escanteios_handicap,FT,away_minus_1_5,65,,,,,skip_min
liga,liga-mx,escanteios_handicap,FT,away_minus_2_5,65,,,,,skip_min
liga,liga-mx,escanteios_handicap,FT,away_minus_3_5,65,,,,,skip_min
liga,liga-mx,escanteios_handicap,FT,away_minus_4_5,65,,,,,skip_min
liga,liga-mx,escanteios_handicap,FT,away_plus_1_5,65,,,,,skip_min
liga,liga-mx,escanteios_handicap,FT,away_plus_2_5,65,,,,,skip_min
liga,liga-mx,escanteios_handicap,FT,away_plus_3_5,65,,,,,skip_min
liga,liga-mx,escanteios_handicap,FT,away_plus_4_5,65,,,,,skip_min
liga,liga-mx,escanteios_handicap,FT,home_minus_1_5,65,,,,,skip_min
liga,liga-mx,escanteios_handicap,FT,home_minus_2_5,65,,,,,skip_min
liga,liga-mx,escanteios_handicap,FT,home_minus_3_5,65,,,,,skip_min
liga,liga-mx,escanteios_handicap,FT,home_minus_4_5,65,,,,,skip_min
liga,liga-mx,escanteios_handicap,FT,home_plus_1_5,65,,,,,skip_min
liga,liga-mx,escanteios_handicap,FT,home_plus_2_5,65,,,,,skip_min
liga,liga-mx,escanteios_handicap,FT,home_plus_3_5,65,,,,,skip_min
liga,liga-mx,escanteios_handicap,FT,home_plus_4_5,65,,,,,skip_min
liga,liga-mx,escanteios_handicap,HT,away_minus_1_5,65,,,,,skip_min
liga,liga-mx,escanteios_handicap,HT,away_minus_2_5,65,,,,,skip_min
liga,liga-mx,escanteios_handicap,HT,away_plus_1_5,65,,,,,skip_min
liga,liga-mx,escanteios_handicap,HT,away_plus_2_5,65,,,,,skip_min
liga,liga-mx,escanteios_handicap,HT,home_minus_1_5,65,,,,,skip_min
liga,liga-mx,escanteios_handicap,HT,home_minus_2_5,65,,,,,skip_min
liga,liga-mx,escanteios_handicap,HT,home_plus_1_5,65,,,,,skip_min
liga,liga-mx,escanteios_handicap,HT,home_plus_2_5,65,,,,,skip_min
liga,liga-mx,escanteios_oddeven,FT,impar,65,,,,,skip_min
liga,liga-mx,escanteios_oddeven,FT,par,65,,,,,skip_min
liga,liga-mx,escanteios_oddeven,HT,impar,65,,,,,skip_min
liga,liga-mx,escanteios_oddeven,HT,par,65,,,,,skip_min
liga,liga-mx,faltas,FT,over,910,,,,,skip_min
liga,liga-mx,faltas,FT,under,910,,,,,skip_min
liga,liga-mx,gols,FT,over,1040,,,,,skip_min
liga,liga-mx,gols,FT,under,1040,,,,,skip_min
liga,liga-mx,gols,HT,over,520,,,,,skip_min
liga,liga-mx,gols,HT,under,520,,,,,skip_min
liga,liga-mx,gols_oddeven,FT,impar,65,,,,,skip_min
liga,liga-mx,gols_oddeven,FT,par,65,,,,,skip_min
liga,liga-mx,gols_oddeven,HT,impar,65,,,,,skip_min
liga,liga-mx,gols_oddeven,HT,par,65,,,,,skip_min
liga,liga-mx,gols,2T,over,260,,,,,skip_min
liga,liga-mx,gols,2T,under,260,,,,,skip_min
liga,liga-mx,impedimentos,FT,over,650,,,,,skip_min
liga,liga-mx,impedimentos,FT,under,650,,,,,skip_min
liga,serie-a,1x2,FT,away,1473,,,,,skip_min
liga,serie-a,1x2,FT,draw,1473,,,,,skip_min
liga,serie-a,1x2,FT,home,1473,,,,,skip_min
liga,serie-a,1x2,HT,away,1473,,,,,skip_min
liga,serie-a,1x2,HT,draw,1473,,,,,skip_min
liga,serie-a,1x2,HT,home,1473,,,,,skip_min
liga,serie-a,btts,FT,nao,1473,,,,,skip_min
liga,serie-a,btts,FT,sim,1473,,,,,skip_min
liga,serie-a,btts,HT,nao,1473,,,,,skip_min
liga,serie-a,btts,HT,sim,1473,,,,,skip_min
liga,serie-a,cartoes_1x2,FT,away,1473,,,,,skip_min
liga,serie-a,cartoes_1x2,FT,draw,1473,,,,,skip_min
liga,serie-a,cartoes_1x2,FT,home,1473,,,,,skip_min
liga,serie-a,cartoes,FT,over,22095,0.495289,0.519439,0.168531,86,fit
liga,serie-a,cartoes,FT,under,22095,0.504711,0.480561,0.168531,85,fit
liga,serie-a,cartoes,HT,over,11784,0.315909,0.374661,0.186101,56,fit
liga,serie-a,cartoes,HT,under,11784,0.684091,0.625339,0.186101,57,fit
liga,serie-a,chutes_1x2,FT,away,1473,,,,,skip_min
liga,serie-a,chutes_1x2,FT,draw,1473,,,,,skip_min
liga,serie-a,chutes_1x2,FT,home,1473,,,,,skip_min
liga,serie-a,chutes_1x2,HT,away,1473,,,,,skip_min
liga,serie-a,chutes_1x2,HT,draw,1473,,,,,skip_min
liga,serie-a,chutes_1x2,HT,home,1473,,,,,skip_min
liga,serie-a,chutes_alvo_1x2,FT,away,1473,,,,,skip_min
liga,serie-a,chutes_alvo_1x2,FT,draw,1473,,,,,skip_min
liga,serie-a,chutes_alvo_1x2,FT,home,1473,,,,,skip_min
liga,serie-a,chutes_alvo_1x2,HT,away,1473,,,,,skip_min
liga,serie-a,chutes_alvo_1x2,HT,draw,1473,,,,,skip_min
liga,serie-a,chutes_alvo_1x2,HT,home,1473,,,,,skip_min
liga,serie-a,chutes_alvo,FT,over,25041,0.422337,0.396031,0.194544,51,fit
liga,serie-a,chutes_alvo,FT,under,25041,0.577663,0.603969,0.194544,48,fit
liga,serie-a,chutes_alvo,HT,over,17676,0.403129,0.446594,0.188898,55,fit
liga,serie-a,chutes_alvo,HT,under,17676,0.596871,0.553406,0.188898,54,fit
liga,serie-a,chutes,FT,over,33879,0.524551,0.482452,0.208697,87,fit
liga,serie-a,chutes,FT,under,33879,0.475449,0.517548,0.208697,90,fit
liga,serie-a,chutes,HT,over,19149,0.651548,0.574913,0.221693,53,fit
liga,serie-a,chutes,HT,under,19149,0.348452,0.425087,0.221693,54,fit
liga,serie-a,dupla,FT,12,1473,,,,,skip_min
liga,serie-a,dupla,FT,1x,1473,,,,,skip_min
liga,serie-a,dupla,FT,x2,1473,,,,,skip_min
liga,serie-a,dupla,HT,12,1473,,,,,skip_min
liga,serie-a,dupla,HT,1x,1473,,,,,skip_min
liga,serie-a,dupla,HT,x2,1473,,,,,skip_min
liga,serie-a,escanteios_1x2,FT,away,1473,,,,,skip_min
liga,serie-a,escanteios_1x2,FT,draw,1473,,,,,skip_min
liga,serie-a,escanteios_1x2,FT,home,1473,,,,,skip_min
liga,serie-a,escanteios_1x2,HT,away,1473,,,,,skip_min
liga,serie-a,escanteios_1x2,HT,draw,1473,,,,,skip_min
liga,serie-a,escanteios_1x2,HT,home,1473,,,,,skip_min
liga,serie-a,escanteios,FT,over,29460,0.413316,0.396164,0.195228,65,fit
liga,serie-a,escanteios,FT,under,29460,0.586684,0.603836,0.195228,67,fit
liga,serie-a,escanteios,HT,over,22095,0.399830,0.444625,0.184430,86,fit
liga,serie-a,escanteios,HT,under,22095,0.600170,0.555375,0.184430,82,fit
liga,serie-a,escanteios_handicap,FT,away_minus_1_5,1473,,,,,skip_min
liga,serie-a,escanteios_handicap,FT,away_minus_2_5,1473,,,,,skip_min
liga,serie-a,escanteios_handicap,FT,away_minus_3_5,1473,,,,,skip_min
liga,serie-a,escanteios_handicap,FT,away_minus_4_5,1473,,,,,skip_min
liga,serie-a,escanteios_handicap,FT,away_plus_1_5,1473,,,,,skip_min
liga,serie-a,escanteios_handicap,FT,away_plus_2_5,1473,,,,,skip_min
liga,serie-a,escanteios_handicap,FT,away_plus_3_5,1473,,,,,skip_min
liga,serie-a,escanteios_handicap,FT,away_plus_4_5,1473,,,,,skip_min
liga,serie-a,escanteios_handicap,FT,home_minus_1_5,1473,,,,,skip_min
liga,serie-a,escanteios_handicap,FT,home_minus_2_5,1473,,,,,skip_min
liga,serie-a,escanteios_handicap,FT,home_minus_3_5,1473,,,,,skip_min
liga,serie-a,escanteios_handicap,FT,home_minus_4_5,1473,,,,,skip_min
liga,serie-a,escanteios_handicap,FT,home_plus_1_5,1473,,,,,skip_min
liga,serie-a,escanteios_handicap,FT,home_plus_2_5,1473,,,,,skip_min
liga,serie-a,escanteios_handicap,FT,home_plus_3_5,1473,,,,,skip_min
liga,serie-a,escanteios_handicap,FT,home_plus_4_5,1473,,,,,skip_min
liga,serie-a,escanteios_handicap,HT,away_minus_1_5,1473,,,,,skip_min
liga,serie-a,escanteios_handicap,HT,away_minus_2_5,1473,,,,,skip_min
liga,serie-a,escanteios_handicap,HT,away_plus_1_5,1473,,,,,skip_min
liga,serie-a,escanteios_handicap,HT,away_plus_2_5,1473,,,,,skip_min
liga,serie-a,escanteios_handicap,HT,home_minus_1_5,1473,,,,,skip_min
liga,serie-a,escanteios_handicap,HT,home_minus_2_5,1473,,,,,skip_min
liga,serie-a,escanteios_handicap,HT,home_plus_1_5,1473,,,,,skip_min
liga,serie-a,escanteios_handicap,HT,home_plus_2_5,1473,,,,,skip_min
liga,serie-a,escanteios_oddeven,FT,impar,1473,,,,,skip_min
liga,serie-a,escanteios_oddeven,FT,par,1473,,,,,skip_min
liga,serie-a,escanteios_oddeven,HT,impar,1473,,,,,skip_min
liga,serie-a,escanteios_oddeven,HT,par,1473,,,,,skip_min
liga,serie-a,faltas,FT,over,20622,0.637610,0.610368,0.191685,141,fit
liga,serie-a,faltas,FT,under,20622,0.362390,0.389632,0.191685,141,fit
liga,serie-a,gols,FT,over,23568,0.342910,0.320816,0.128980,75,fit
liga,serie-a,gols,FT,under,23568,0.657090,0.679184,0.128980,81,fit
liga,serie-a,gols,HT,over,11784,0.269819,0.281568,0.153125,82,fit
liga,serie-a,gols,HT,under,11784,0.730181,0.718432,0.153125,82,fit
liga,serie-a,gols_oddeven,FT,impar,1473,,,,,skip_min
liga,serie-a,gols_oddeven,FT,par,1473,,,,,skip_min
liga,serie-a,gols_oddeven,HT,impar,1473,,,,,skip_min
liga,serie-a,gols_oddeven,HT,par,1473,,,,,skip_min
liga,serie-a,gols,2T,over,5892,0.407246,0.356755,0.158762,52,fit
liga,serie-a,gols,2T,under,5892,0.592754,0.643245,0.158762,52,fit
liga,serie-a,impedimentos,FT,over,14730,0.459924,0.419212,0.207805,42,fit
liga,serie-a,impedimentos,FT,under,14730,0.540076,0.580788,0.207805,45,fit
liga,la-liga-2,1x2,FT,away,54,,,,,skip_min
liga,la-liga-2,1x2,FT,draw,54,,,,,skip_min
liga,la-liga-2,1x2,FT,home,54,,,,,skip_min
liga,la-liga-2,1x2,HT,away,54,,,,,skip_min
liga,la-liga-2,1x2,HT,draw,54,,,,,skip_min
liga,la-liga-2,1x2,HT,home,54,,,,,skip_min
liga,la-liga-2,btts,FT,nao,54,,,,,skip_min
liga,la-liga-2,btts,FT,sim,54,,,,,skip_min
liga,la-liga-2,btts,HT,nao,54,,,,,skip_min
liga,la-liga-2,btts,HT,sim,54,,,,,skip_min
liga,la-liga-2,cartoes_1x2,FT,away,54,,,,,skip_min
liga,la-liga-2,cartoes_1x2,FT,draw,54,,,,,skip_min
liga,la-liga-2,cartoes_1x2,FT,home,54,,,,,skip_min
liga,la-liga-2,cartoes,FT,over,810,,,,,skip_min
liga,la-liga-2,cartoes,FT,under,810,,,,,skip_min
liga,la-liga-2,cartoes,HT,over,432,,,,,skip_min
liga,la-liga-2,cartoes,HT,under,432,,,,,skip_min
liga,la-liga-2,chutes_1x2,FT,away,54,,,,,skip_min
liga,la-liga-2,chutes_1x2,FT,draw,54,,,,,skip_min
liga,la-liga-2,chutes_1x2,FT,home,54,,,,,skip_min
liga,la-liga-2,chutes_1x2,HT,away,54,,,,,skip_min
liga,la-liga-2,chutes_1x2,HT,draw,54,,,,,skip_min
liga,la-liga-2,chutes_1x2,HT,home,54,,,,,skip_min
liga,la-liga-2,chutes_alvo_1x2,FT,away,54,,,,,skip_min
liga,la-liga-2,chutes_alvo_1x2,FT,draw,54,,,,,skip_min
liga,la-liga-2,chutes_alvo_1x2,FT,home,54,,,,,skip_min
liga,la-liga-2,chutes_alvo_1x2,HT,away,54,,,,,skip_min
liga,la-liga-2,chutes_alvo_1x2,HT,draw,54,,,,,skip_min
liga,la-liga-2,chutes_alvo_1x2,HT,home,54,,,,,skip_min
liga,la-liga-2,chutes_alvo,FT,over,918,,,,,skip_min
liga,la-liga-2,chutes_alvo,FT,under,918,,,,,skip_min
liga,la-liga-2,chutes_alvo,HT,over,648,,,,,skip_min
liga,la-liga-2,chutes_alvo,HT,under,648,,,,,skip_min
liga,la-liga-2,chutes,FT,over,1242,,,,,skip_min
liga,la-liga-2,chutes,FT,under,1242,,,,,skip_min
liga,la-liga-2,chutes,HT,over,702,,,,,skip_min
liga,la-liga-2,chutes,HT,under,702,,,,,skip_min
liga,la-liga-2,dupla,FT,12,54,,,,,skip_min
liga,la-liga-2,dupla,FT,1x,54,,,,,skip_min
liga,la-liga-2,dupla,FT,x2,54,,,,,skip_min
liga,la-liga-2,dupla,HT,12,54,,,,,skip_min
liga,la-liga-2,dupla,HT,1x,54,,,,,skip_min
liga,la-liga-2,dupla,HT,x2,54,,,,,skip_min
liga,la-liga-2,escanteios_1x2,FT,away,54,,,,,skip_min
liga,la-liga-2,escanteios_1x2,FT,draw,54,,,,,skip_min
liga,la-liga-2,escanteios_1x2,FT,home,54,,,,,skip_min
liga,la-liga-2,escanteios_1x2,HT,away,54,,,,,skip_min
liga,la-liga-2,escanteios_1x2,HT,draw,54,,,,,skip_min
liga,la-liga-2,escanteios_1x2,HT,home,54,,,,,skip_min
liga,la-liga-2,escanteios,FT,over,1080,,,,,skip_min
liga,la-liga-2,escanteios,FT,under,1080,,,,,skip_min
liga,la-liga-2,escanteios,HT,over,810,,,,,skip_min
liga,la-liga-2,escanteios,HT,under,810,,,,,skip_min
liga,la-liga-2,escanteios_handicap,FT,away_minus_1_5,54,,,,,skip_min
liga,la-liga-2,escanteios_handicap,FT,away_minus_2_5,54,,,,,skip_min
liga,la-liga-2,escanteios_handicap,FT,away_minus_3_5,54,,,,,skip_min
liga,la-liga-2,escanteios_handicap,FT,away_minus_4_5,54,,,,,skip_min
liga,la-liga-2,escanteios_handicap,FT,away_plus_1_5,54,,,,,skip_min
liga,la-liga-2,escanteios_handicap,FT,away_plus_2_5,54,,,,,skip_min
liga,la-liga-2,escanteios_handicap,FT,away_plus_3_5,54,,,,,skip_min
liga,la-liga-2,escanteios_handicap,FT,away_plus_4_5,54,,,,,skip_min
liga,la-liga-2,escanteios_handicap,FT,home_minus_1_5,54,,,,,skip_min
liga,la-liga-2,escanteios_handicap,FT,home_minus_2_5,54,,,,,skip_min
liga,la-liga-2,escanteios_handicap,FT,home_minus_3_5,54,,,,,skip_min
liga,la-liga-2,escanteios_handicap,FT,home_minus_4_5,54,,,,,skip_min
liga,la-liga-2,escanteios_handicap,FT,home_plus_1_5,54,,,,,skip_min
liga,la-liga-2,escanteios_handicap,FT,home_plus_2_5,54,,,,,skip_min
liga,la-liga-2,escanteios_handicap,FT,home_plus_3_5,54,,,,,skip_min
liga,la-liga-2,escanteios_handicap,FT,home_plus_4_5,54,,,,,skip_min
liga,la-liga-2,escanteios_handicap,HT,away_minus_1_5,54,,,,,skip_min
liga,la-liga-2,escanteios_handicap,HT,away_minus_2_5,54,,,,,skip_min
liga,la-liga-2,escanteios_handicap,HT,away_plus_1_5,54,,,,,skip_min
liga,la-liga-2,escanteios_handicap,HT,away_plus_2_5,54,,,,,skip_min
liga,la-liga-2,escanteios_handicap,HT,home_minus_1_5,54,,,,,skip_min
liga,la-liga-2,escanteios_handicap,HT,home_minus_2_5,54,,,,,skip_min
liga,la-liga-2,escanteios_handicap,HT,home_plus_1_5,54,,,,,skip_min
liga,la-liga-2,escanteios_handicap,HT,home_plus_2_5,54,,,,,skip_min
liga,la-liga-2,escanteios_oddeven,FT,impar,54,,,,,skip_min
liga,la-liga-2,escanteios_oddeven,FT,par,54,,,,,skip_min
liga,la-liga-2,escanteios_oddeven,HT,impar,54,,,,,skip_min
liga,la-liga-2,escanteios_oddeven,HT,par,54,,,,,skip_min
liga,la-liga-2,faltas,FT,over,756,,,,,skip_min
liga,la-liga-2,faltas,FT,under,756,,,,,skip_min
liga,la-liga-2,gols,FT,over,864,,,,,skip_min
liga,la-liga-2,gols,FT,under,864,,,,,skip_min
liga,la-liga-2,gols,HT,over,432,,,,,skip_min
liga,la-liga-2,gols,HT,under,432,,,,,skip_min
liga,la-liga-2,gols_oddeven,FT,impar,54,,,,,skip_min
liga,la-liga-2,gols_oddeven,FT,par,54,,,,,skip_min
liga,la-liga-2,gols_oddeven,HT,impar,54,,,,,skip_min
liga,la-liga-2,gols_oddeven,HT,par,54,,,,,skip_min
liga,la-liga-2,gols,2T,over,216,,,,,skip_min
liga,la-liga-2,gols,2T,under,216,,,,,skip_min
liga,la-liga-2,impedimentos,FT,over,540,,,,,skip_min
liga,la-liga-2,impedimentos,FT,under,540,,,,,skip_min
liga,championship,1x2,FT,away,93,,,,,skip_min
liga,championship,1x2,FT,draw,93,,,,,skip_min
liga,championship,1x2,FT,home,93,,,,,skip_min
liga,championship,1x2,HT,away,93,,,,,skip_min
liga,championship,1x2,HT,draw,93,,,,,skip_min
liga,championship,1x2,HT,home,93,,,,,skip_min
liga,championship,btts,FT,nao,93,,,,,skip_min
liga,championship,btts,FT,sim,93,,,,,skip_min
liga,championship,btts,HT,nao,93,,,,,skip_min
liga,championship,btts,HT,sim,93,,,,,skip_min
liga,championship,cartoes_1x2,FT,away,93,,,,,skip_min
liga,championship,cartoes_1x2,FT,draw,93,,,,,skip_min
liga,championship,cartoes_1x2,FT,home,93,,,,,skip_min
liga,championship,cartoes,FT,over,1395,,,,,skip_min
liga,championship,cartoes,FT,under,1395,,,,,skip_min
liga,championship,cartoes,HT,over,744,,,,,skip_min
liga,championship,cartoes,HT,under,744,,,,,skip_min
liga,championship,chutes_1x2,FT,away,93,,,,,skip_min
liga,championship,chutes_1x2,FT,draw,93,,,,,skip_min
liga,championship,chutes_1x2,FT,home,93,,,,,skip_min
liga,championship,chutes_1x2,HT,away,93,,,,,skip_min
liga,championship,chutes_1x2,HT,draw,93,,,,,skip_min
liga,championship,chutes_1x2,HT,home,93,,,,,skip_min
liga,championship,chutes_alvo_1x2,FT,away,93,,,,,skip_min
liga,championship,chutes_alvo_1x2,FT,draw,93,,,,,skip_min
liga,championship,chutes_alvo_1x2,FT,home,93,,,,,skip_min
liga,championship,chutes_alvo_1x2,HT,away,93,,,,,skip_min
liga,championship,chutes_alvo_1x2,HT,draw,93,,,,,skip_min
liga,championship,chutes_alvo_1x2,HT,home,93,,,,,skip_min
liga,championship,chutes_alvo,FT,over,1581,0.359935,0.423782,0.197838,28,fit
liga,championship,chutes_alvo,FT,under,1581,0.640065,0.576218,0.197838,28,fit
liga,championship,chutes_alvo,HT,over,1116,,,,,skip_min
liga,championship,chutes_alvo,HT,under,1116,,,,,skip_min
liga,championship,chutes,FT,over,2139,0.503411,0.508649,0.186182,54,fit
liga,championship,chutes,FT,under,2139,0.496589,0.491351,0.186182,54,fit
liga,championship,chutes,HT,over,1209,,,,,skip_min
liga,championship,chutes,HT,under,1209,,,,,skip_min
liga,championship,dupla,FT,12,93,,,,,skip_min
liga,championship,dupla,FT,1x,93,,,,,skip_min
liga,championship,dupla,FT,x2,93,,,,,skip_min
liga,championship,dupla,HT,12,93,,,,,skip_min
liga,championship,dupla,HT,1x,93,,,,,skip_min
liga,championship,dupla,HT,x2,93,,,,,skip_min
liga,championship,escanteios_1x2,FT,away,93,,,,,skip_min
liga,championship,escanteios_1x2,FT,draw,93,,,,,skip_min
liga,championship,escanteios_1x2,FT,home,93,,,,,skip_min
liga,championship,escanteios_1x2,HT,away,93,,,,,skip_min
liga,championship,escanteios_1x2,HT,draw,93,,,,,skip_min
liga,championship,escanteios_1x2,HT,home,93,,,,,skip_min
liga,championship,escanteios,FT,over,1860,0.446153,0.466667,0.198825,47,fit
liga,championship,escanteios,FT,under,1860,0.553847,0.533333,0.198825,47,fit
liga,championship,escanteios,HT,over,1395,,,,,skip_min
liga,championship,escanteios,HT,under,1395,,,,,skip_min
liga,championship,escanteios_handicap,FT,away_minus_1_5,93,,,,,skip_min
liga,championship,escanteios_handicap,FT,away_minus_2_5,93,,,,,skip_min
liga,championship,escanteios_handicap,FT,away_minus_3_5,93,,,,,skip_min
liga,championship,escanteios_handicap,FT,away_minus_4_5,93,,,,,skip_min
liga,championship,escanteios_handicap,FT,away_plus_1_5,93,,,,,skip_min
liga,championship,escanteios_handicap,FT,away_plus_2_5,93,,,,,skip_min
liga,championship,escanteios_handicap,FT,away_plus_3_5,93,,,,,skip_min
liga,championship,escanteios_handicap,FT,away_plus_4_5,93,,,,,skip_min
liga,championship,escanteios_handicap,FT,home_minus_1_5,93,,,,,skip_min
liga,championship,escanteios_handicap,FT,home_minus_2_5,93,,,,,skip_min
liga,championship,escanteios_handicap,FT,home_minus_3_5,93,,,,,skip_min
liga,championship,escanteios_handicap,FT,home_minus_4_5,93,,,,,skip_min
liga,championship,escanteios_handicap,FT,home_plus_1_5,93,,,,,skip_min
liga,championship,escanteios_handicap,FT,home_plus_2_5,93,,,,,skip_min
liga,championship,escanteios_handicap,FT,home_plus_3_5,93,,,,,skip_min
liga,championship,escanteios_handicap,FT,home_plus_4_5,93,,,,,skip_min
liga,championship,escanteios_handicap,HT,away_minus_1_5,93,,,,,skip_min
liga,championship,escanteios_handicap,HT,away_minus_2_5,93,,,,,skip_min
liga,championship,escanteios_handicap,HT,away_plus_1_5,93,,,,,skip_min
liga,championship,escanteios_handicap,HT,away_plus_2_5,93,,,,,skip_min
liga,championship,escanteios_handicap,HT,home_minus_1_5,93,,,,,skip_min
liga,championship,escanteios_handicap,HT,home_minus_2_5,93,,,,,skip_min
liga,championship,escanteios_handicap,HT,home_plus_1_5,93,,,,,skip_min
liga,championship,escanteios_handicap,HT,home_plus_2_5,93,,,,,skip_min
liga,championship,escanteios_oddeven,FT,impar,93,,,,,skip_min
liga,championship,escanteios_oddeven,FT,par,93,,,,,skip_min
liga,championship,escanteios_oddeven,HT,impar,93,,,,,skip_min
liga,championship,escanteios_oddeven,HT,par,93,,,,,skip_min
liga,championship,faltas,FT,over,1302,,,,,skip_min
liga,championship,faltas,FT,under,1302,,,,,skip_min
liga,championship,gols,FT,over,1488,,,,,skip_min
liga,championship,gols,FT,under,1488,,,,,skip_min
liga,championship,gols,HT,over,744,,,,,skip_min
liga,championship,gols,HT,under,744,,,,,skip_min
liga,championship,gols_oddeven,FT,impar,93,,,,,skip_min
liga,championship,gols_oddeven,FT,par,93,,,,,skip_min
liga,championship,gols_oddeven,HT,impar,93,,,,,skip_min
liga,championship,gols_oddeven,HT,par,93,,,,,skip_min
liga,championship,gols,2T,over,372,,,,,skip_min
liga,championship,gols,2T,under,372,,,,,skip_min
liga,championship,impedimentos,FT,over,930,,,,,skip_min
liga,championship,impedimentos,FT,under,930,,,,,skip_min
liga,serie-b-italia,1x2,FT,away,32,,,,,skip_min
liga,serie-b-italia,1x2,FT,draw,32,,,,,skip_min
liga,serie-b-italia,1x2,FT,home,32,,,,,skip_min
liga,serie-b-italia,1x2,HT,away,32,,,,,skip_min
liga,serie-b-italia,1x2,HT,draw,32,,,,,skip_min
liga,serie-b-italia,1x2,HT,home,32,,,,,skip_min
liga,serie-b-italia,btts,FT,nao,32,,,,,skip_min
liga,serie-b-italia,btts,FT,sim,32,,,,,skip_min
liga,serie-b-italia,btts,HT,nao,32,,,,,skip_min
liga,serie-b-italia,btts,HT,sim,32,,,,,skip_min
liga,serie-b-italia,cartoes_1x2,FT,away,32,,,,,skip_min
liga,serie-b-italia,cartoes_1x2,FT,draw,32,,,,,skip_min
liga,serie-b-italia,cartoes_1x2,FT,home,32,,,,,skip_min
liga,serie-b-italia,cartoes,FT,over,480,,,,,skip_min
liga,serie-b-italia,cartoes,FT,under,480,,,,,skip_min
liga,serie-b-italia,cartoes,HT,over,256,,,,,skip_min
liga,serie-b-italia,cartoes,HT,under,256,,,,,skip_min
liga,serie-b-italia,chutes_1x2,FT,away,32,,,,,skip_min
liga,serie-b-italia,chutes_1x2,FT,draw,32,,,,,skip_min
liga,serie-b-italia,chutes_1x2,FT,home,32,,,,,skip_min
liga,serie-b-italia,chutes_1x2,HT,away,32,,,,,skip_min
liga,serie-b-italia,chutes_1x2,HT,draw,32,,,,,skip_min
liga,serie-b-italia,chutes_1x2,HT,home,32,,,,,skip_min
liga,serie-b-italia,chutes_alvo_1x2,FT,away,32,,,,,skip_min
liga,serie-b-italia,chutes_alvo_1x2,FT,draw,32,,,,,skip_min
liga,serie-b-italia,chutes_alvo_1x2,FT,home,32,,,,,skip_min
liga,serie-b-italia,chutes_alvo_1x2,HT,away,32,,,,,skip_min
liga,serie-b-italia,chutes_alvo_1x2,HT,draw,32,,,,,skip_min
liga,serie-b-italia,chutes_alvo_1x2,HT,home,32,,,,,skip_min
liga,serie-b-italia,chutes_alvo,FT,over,544,,,,,skip_min
liga,serie-b-italia,chutes_alvo,FT,under,544,,,,,skip_min
liga,serie-b-italia,chutes_alvo,HT,over,384,,,,,skip_min
liga,serie-b-italia,chutes_alvo,HT,under,384,,,,,skip_min
liga,serie-b-italia,chutes,FT,over,736,,,,,skip_min
liga,serie-b-italia,chutes,FT,under,736,,,,,skip_min
liga,serie-b-italia,chutes,HT,over,416,,,,,skip_min
liga,serie-b-italia,chutes,HT,under,416,,,,,skip_min
liga,serie-b-italia,dupla,FT,12,32,,,,,skip_min
liga,serie-b-italia,dupla,FT,1x,32,,,,,skip_min
liga,serie-b-italia,dupla,FT,x2,32,,,,,skip_min
liga,serie-b-italia,dupla,HT,12,32,,,,,skip_min
liga,serie-b-italia,dupla,HT,1x,32,,,,,skip_min
liga,serie-b-italia,dupla,HT,x2,32,,,,,skip_min
liga,serie-b-italia,escanteios_1x2,FT,away,32,,,,,skip_min
liga,serie-b-italia,escanteios_1x2,FT,draw,32,,,,,skip_min
liga,serie-b-italia,escanteios_1x2,FT,home,32,,,,,skip_min
liga,serie-b-italia,escanteios_1x2,HT,away,32,,,,,skip_min
liga,serie-b-italia,escanteios_1x2,HT,draw,32,,,,,skip_min
liga,serie-b-italia,escanteios_1x2,HT,home,32,,,,,skip_min
liga,serie-b-italia,escanteios,FT,over,640,,,,,skip_min
liga,serie-b-italia,escanteios,FT,under,640,,,,,skip_min
liga,serie-b-italia,escanteios,HT,over,480,,,,,skip_min
liga,serie-b-italia,escanteios,HT,under,480,,,,,skip_min
liga,serie-b-italia,escanteios_handicap,FT,away_minus_1_5,32,,,,,skip_min
liga,serie-b-italia,escanteios_handicap,FT,away_minus_2_5,32,,,,,skip_min
liga,serie-b-italia,escanteios_handicap,FT,away_minus_3_5,32,,,,,skip_min
liga,serie-b-italia,escanteios_handicap,FT,away_minus_4_5,32,,,,,skip_min
liga,serie-b-italia,escanteios_handicap,FT,away_plus_1_5,32,,,,,skip_min
liga,serie-b-italia,escanteios_handicap,FT,away_plus_2_5,32,,,,,skip_min
liga,serie-b-italia,escanteios_handicap,FT,away_plus_3_5,32,,,,,skip_min
liga,serie-b-italia,escanteios_handicap,FT,away_plus_4_5,32,,,,,skip_min
liga,serie-b-italia,escanteios_handicap,FT,home_minus_1_5,32,,,,,skip_min
liga,serie-b-italia,escanteios_handicap,FT,home_minus_2_5,32,,,,,skip_min
liga,serie-b-italia,escanteios_handicap,FT,home_minus_3_5,32,,,,,skip_min
liga,serie-b-italia,escanteios_handicap,FT,home_minus_4_5,32,,,,,skip_min
liga,serie-b-italia,escanteios_handicap,FT,home_plus_1_5,32,,,,,skip_min
liga,serie-b-italia,escanteios_handicap,FT,home_plus_2_5,32,,,,,skip_min
liga,serie-b-italia,escanteios_handicap,FT,home_plus_3_5,32,,,,,skip_min
liga,serie-b-italia,escanteios_handicap,FT,home_plus_4_5,32,,,,,skip_min
liga,serie-b-italia,escanteios_handicap,HT,away_minus_1_5,32,,,,,skip_min
liga,serie-b-italia,escanteios_handicap,HT,away_minus_2_5,32,,,,,skip_min
liga,serie-b-italia,escanteios_handicap,HT,away_plus_1_5,32,,,,,skip_min
liga,serie-b-italia,escanteios_handicap,HT,away_plus_2_5,32,,,,,skip_min
liga,serie-b-italia,escanteios_handicap,HT,home_minus_1_5,32,,,,,skip_min
liga,serie-b-italia,escanteios_handicap,HT,home_minus_2_5,32,,,,,skip_min
liga,serie-b-italia,escanteios_handicap,HT,home_plus_1_5,32,,,,,skip_min
liga,serie-b-italia,escanteios_handicap,HT,home_plus_2_5,32,,,,,skip_min
liga,serie-b-italia,escanteios_oddeven,FT,impar,32,,,,,skip_min
liga,serie-b-italia,escanteios_oddeven,FT,par,32,,,,,skip_min
liga,serie-b-italia,escanteios_oddeven,HT,impar,32,,,,,skip_min
liga,serie-b-italia,escanteios_oddeven,HT,par,32,,,,,skip_min
liga,serie-b-italia,faltas,FT,over,448,,,,,skip_min
liga,serie-b-italia,faltas,FT,under,448,,,,,skip_min
liga,serie-b-italia,gols,FT,over,512,,,,,skip_min
liga,serie-b-italia,gols,FT,under,512,,,,,skip_min
liga,serie-b-italia,gols,HT,over,256,,,,,skip_min
liga,serie-b-italia,gols,HT,under,256,,,,,skip_min
liga,serie-b-italia,gols_oddeven,FT,impar,32,,,,,skip_min
liga,serie-b-italia,gols_oddeven,FT,par,32,,,,,skip_min
liga,serie-b-italia,gols_oddeven,HT,impar,32,,,,,skip_min
liga,serie-b-italia,gols_oddeven,HT,par,32,,,,,skip_min
liga,serie-b-italia,gols,2T,over,128,,,,,skip_min
liga,serie-b-italia,gols,2T,under,128,,,,,skip_min
liga,serie-b-italia,impedimentos,FT,over,320,,,,,skip_min
liga,serie-b-italia,impedimentos,FT,under,320,,,,,skip_min
liga,brasileirao-b,1x2,FT,away,280,,,,,skip_min
liga,brasileirao-b,1x2,FT,draw,280,,,,,skip_min
liga,brasileirao-b,1x2,FT,home,280,,,,,skip_min
liga,brasileirao-b,1x2,HT,away,280,,,,,skip_min
liga,brasileirao-b,1x2,HT,draw,280,,,,,skip_min
liga,brasileirao-b,1x2,HT,home,280,,,,,skip_min
liga,brasileirao-b,btts,FT,nao,280,,,,,skip_min
liga,brasileirao-b,btts,FT,sim,280,,,,,skip_min
liga,brasileirao-b,btts,HT,nao,280,,,,,skip_min
liga,brasileirao-b,btts,HT,sim,280,,,,,skip_min
liga,brasileirao-b,cartoes_1x2,FT,away,280,,,,,skip_min
liga,brasileirao-b,cartoes_1x2,FT,draw,280,,,,,skip_min
liga,brasileirao-b,cartoes_1x2,FT,home,280,,,,,skip_min
liga,brasileirao-b,cartoes,FT,over,4200,0.557651,0.629048,0.178862,95,fit
liga,brasileirao-b,cartoes,FT,under,4200,0.442349,0.370952,0.178862,95,fit
liga,brasileirao-b,cartoes,HT,over,2240,0.353501,0.464286,0.206551,49,fit
liga,brasileirao-b,cartoes,HT,under,2240,0.646499,0.535714,0.206551,50,fit
liga,brasileirao-b,chutes_1x2,FT,away,280,,,,,skip_min
liga,brasileirao-b,chutes_1x2,FT,draw,280,,,,,skip_min
liga,brasileirao-b,chutes_1x2,FT,home,280,,,,,skip_min
liga,brasileirao-b,chutes_1x2,HT,away,280,,,,,skip_min
liga,brasileirao-b,chutes_1x2,HT,draw,280,,,,,skip_min
liga,brasileirao-b,chutes_1x2,HT,home,280,,,,,skip_min
liga,brasileirao-b,chutes_alvo_1x2,FT,away,280,,,,,skip_min
liga,brasileirao-b,chutes_alvo_1x2,FT,draw,280,,,,,skip_min
liga,brasileirao-b,chutes_alvo_1x2,FT,home,280,,,,,skip_min
liga,brasileirao-b,chutes_alvo_1x2,HT,away,280,,,,,skip_min
liga,brasileirao-b,chutes_alvo_1x2,HT,draw,280,,,,,skip_min
liga,brasileirao-b,chutes_alvo_1x2,HT,home,280,,,,,skip_min
liga,brasileirao-b,chutes_alvo,FT,over,4760,0.409019,0.400210,0.192841,26,fit
liga,brasileirao-b,chutes_alvo,FT,under,4760,0.590981,0.599790,0.192841,26,fit
liga,brasileirao-b,chutes_alvo,HT,over,3360,0.395171,0.452976,0.193100,33,fit
liga,brasileirao-b,chutes_alvo,HT,under,3360,0.604829,0.547024,0.193100,36,fit
liga,brasileirao-b,chutes,FT,over,6440,0.584410,0.579658,0.206213,62,fit
liga,brasileirao-b,chutes,FT,under,6440,0.415590,0.420342,0.206213,59,fit
liga,brasileirao-b,chutes,HT,over,3640,0.693906,0.665659,0.201363,36,fit
liga,brasileirao-b,chutes,HT,under,3640,0.306094,0.334341,0.201363,33,fit
liga,brasileirao-b,dupla,FT,12,280,,,,,skip_min
liga,brasileirao-b,dupla,FT,1x,280,,,,,skip_min
liga,brasileirao-b,dupla,FT,x2,280,,,,,skip_min
liga,brasileirao-b,dupla,HT,12,280,,,,,skip_min
liga,brasileirao-b,dupla,HT,1x,280,,,,,skip_min
liga,brasileirao-b,dupla,HT,x2,280,,,,,skip_min
liga,brasileirao-b,escanteios_1x2,FT,away,280,,,,,skip_min
liga,brasileirao-b,escanteios_1x2,FT,draw,280,,,,,skip_min
liga,brasileirao-b,escanteios_1x2,FT,home,280,,,,,skip_min
liga,brasileirao-b,escanteios_1x2,HT,away,280,,,,,skip_min
liga,brasileirao-b,escanteios_1x2,HT,draw,280,,,,,skip_min
liga,brasileirao-b,escanteios_1x2,HT,home,280,,,,,skip_min
liga,brasileirao-b,escanteios,FT,over,5600,0.477445,0.430357,0.210232,34,fit
liga,brasileirao-b,escanteios,FT,under,5600,0.522555,0.569643,0.210232,37,fit
liga,brasileirao-b,escanteios,HT,over,4200,0.439617,0.467619,0.185778,39,fit
liga,brasileirao-b,escanteios,HT,under,4200,0.560383,0.532381,0.185778,42,fit
liga,brasileirao-b,escanteios_handicap,FT,away_minus_1_5,280,,,,,skip_min
liga,brasileirao-b,escanteios_handicap,FT,away_minus_2_5,280,,,,,skip_min
liga,brasileirao-b,escanteios_handicap,FT,away_minus_3_5,280,,,,,skip_min
liga,brasileirao-b,escanteios_handicap,FT,away_minus_4_5,280,,,,,skip_min
liga,brasileirao-b,escanteios_handicap,FT,away_plus_1_5,280,,,,,skip_min
liga,brasileirao-b,escanteios_handicap,FT,away_plus_2_5,280,,,,,skip_min
liga,brasileirao-b,escanteios_handicap,FT,away_plus_3_5,280,,,,,skip_min
liga,brasileirao-b,escanteios_handicap,FT,away_plus_4_5,280,,,,,skip_min
liga,brasileirao-b,escanteios_handicap,FT,home_minus_1_5,280,,,,,skip_min
liga,brasileirao-b,escanteios_handicap,FT,home_minus_2_5,280,,,,,skip_min
liga,brasileirao-b,escanteios_handicap,FT,home_minus_3_5,280,,,,,skip_min
liga,brasileirao-b,escanteios_handicap,FT,home_minus_4_5,280,,,,,skip_min
liga,brasileirao-b,escanteios_handicap,FT,home_plus_1_5,280,,,,,skip_min
liga,brasileirao-b,escanteios_handicap,FT,home_plus_2_5,280,,,,,skip_min
liga,brasileirao-b,escanteios_handicap,FT,home_plus_3_5,280,,,,,skip_min
liga,brasileirao-b,escanteios_handicap,FT,home_plus_4_5,280,,,,,skip_min
liga,brasileirao-b,escanteios_handicap,HT,away_minus_1_5,280,,,,,skip_min
liga,brasileirao-b,escanteios_handicap,HT,away_minus_2_5,280,,,,,skip_min
liga,brasileirao-b,escanteios_handicap,HT,away_plus_1_5,280,,,,,skip_min
liga,brasileirao-b,escanteios_handicap,HT,away_plus_2_5,280,,,,,skip_min
liga,brasileirao-b,escanteios_handicap,HT,home_minus_1_5,280,,,,,skip_min
liga,brasileirao-b,escanteios_handicap,HT,home_minus_2_5,280,,,,,skip_min
liga,brasileirao-b,escanteios_handicap,HT,home_plus_1_5,280,,,,,skip_min
liga,brasileirao-b,escanteios_handicap,HT,home_plus_2_5,280,,,,,skip_min
liga,brasileirao-b,escanteios_oddeven,FT,impar,280,,,,,skip_min
liga,brasileirao-b,escanteios_oddeven,FT,par,280,,,,,skip_min
liga,brasileirao-b,escanteios_oddeven,HT,impar,280,,,,,skip_min
liga,brasileirao-b,escanteios_oddeven,HT,par,280,,,,,skip_min
liga,brasileirao-b,faltas,FT,over,3920,0.692875,0.692602,0.178616,87,fit
liga,brasileirao-b,faltas,FT,under,3920,0.307125,0.307398,0.178616,87,fit
liga,brasileirao-b,gols,FT,over,4480,0.284781,0.282589,0.123455,63,fit
liga,brasileirao-b,gols,FT,under,4480,0.715219,0.717411,0.123455,63,fit
liga,brasileirao-b,gols,HT,over,2240,0.224468,0.242857,0.145208,32,fit
liga,brasileirao-b,gols,HT,under,2240,0.775532,0.757143,0.145208,32,fit
liga,brasileirao-b,gols_oddeven,FT,impar,280,,,,,skip_min
liga,brasileirao-b,gols_oddeven,FT,par,280,,,,,skip_min
liga,brasileirao-b,gols_oddeven,HT,impar,280,,,,,skip_min
liga,brasileirao-b,gols_oddeven,HT,par,280,,,,,skip_min
liga,brasileirao-b,gols,2T,over,1120,,,,,skip_min
liga,brasileirao-b,gols,2T,under,1120,,,,,skip_min
liga,brasileirao-b,impedimentos,FT,over,2800,0.432835,0.389643,0.209349,31,fit
liga,brasileirao-b,impedimentos,FT,under,2800,0.567165,0.610357,0.209349,34,fit